CustomerID,Austria,Belgium,Finland,France,Germany,Italy,Norway,Portugal,Spain,Switzerland,United Kingdom
12346,0,0,0,0,0,0,0,0,0,0,1
12348,0,0,1,0,0,0,0,0,0,0,0
12350,0,0,0,0,0,0,1,0,0,0,0
12352,0,0,0,0,0,0,1,0,0,0,0
12354,0,0,0,0,0,0,0,0,1,0,0
12356,0,0,0,0,0,0,0,1,0,0,0
12358,1,0,0,0,0,0,0,0,0,0,0
12360,1,0,0,0,0,0,0,0,0,0,0
12361,0,1,0,0,0,0,0,0,0,0,0
12362,0,1,0,0,0,0,0,0,0,0,0
12364,0,1,0,0,0,0,0,0,0,0,0
12373,1,0,0,0,0,0,0,0,0,0,0
12377,0,0,0,0,0,0,0,0,0,1,0
12378,0,0,0,0,0,0,0,0,0,1,0
12379,0,1,0,0,0,0,0,0,0,0,0
12380,0,1,0,0,0,0,0,0,0,0,0
12381,0,0,0,0,0,0,1,0,0,0,0
12383,0,1,0,0,0,0,0,0,0,0,0
12384,0,0,0,0,0,0,0,0,0,1,0
12395,0,1,0,0,0,0,0,0,0,0,0
12397,0,1,0,0,0,0,0,0,0,0,0
12399,0,1,0,0,0,0,0,0,0,0,0
12401,0,1,0,0,0,0,0,0,0,0,0
12402,0,1,0,0,0,0,0,0,0,0,0
12405,0,0,1,0,0,0,0,0,0,0,0
12407,0,1,0,0,0,0,0,0,0,0,0
12408,0,1,0,0,0,0,0,0,0,0,0
12409,0,0,0,0,0,0,0,0,0,1,0
12410,0,0,0,0,0,0,0,0,0,1,0
12413,0,0,0,1,0,0,0,0,0,0,0
12414,1,0,0,0,0,0,0,0,0,0,0
12418,0,0,0,0,0,0,0,0,0,1,0
12421,0,0,0,0,0,0,0,0,1,0,0
12423,0,1,0,0,0,0,0,0,0,0,0
12426,0,0,0,0,1,0,0,0,0,0,0
12427,0,0,0,0,1,0,0,0,0,0,0
12428,0,0,1,0,0,0,0,0,0,0,0
12432,0,0,0,0,0,0,1,0,0,0,0
12433,0,0,0,0,0,0,1,0,0,0,0
12437,0,0,0,1,0,0,0,0,0,0,0
12438,0,0,0,0,0,0,1,0,0,0,0
12441,0,0,0,1,0,0,0,0,0,0,0
12444,0,0,0,0,0,0,1,0,0,0,0
12447,0,1,0,0,0,0,0,0,0,0,0
12449,0,1,0,0,0,0,0,0,0,0,0
12450,0,0,0,0,0,0,0,0,1,0,0
12451,0,0,0,0,0,0,0,0,0,1,0
12453,1,0,0,0,0,0,0,0,0,0,0
12456,0,0,0,0,0,0,0,0,0,1,0
12458,0,0,0,0,0,0,0,0,0,1,0
12461,0,0,0,0,0,0,0,0,0,1,0
12462,0,0,0,0,0,0,0,0,1,0,0
12463,0,1,0,0,0,0,0,0,0,0,0
12464,0,1,0,0,0,0,0,0,0,0,0
12465,0,1,0,0,0,0,0,0,0,0,0
12468,0,0,0,0,1,0,0,0,0,0,0
12471,0,0,0,0,1,0,0,0,0,0,0
12472,0,0,0,0,1,0,0,0,0,0,0
12473,0,0,0,0,1,0,0,0,0,0,0
12474,0,0,0,0,1,0,0,0,0,0,0
12476,0,0,0,0,1,0,0,0,0,0,0
12477,0,0,0,0,1,0,0,0,0,0,0
12480,0,0,0,0,1,0,0,0,0,0,0
12481,0,0,0,0,1,0,0,0,0,0,0
12484,0,0,0,0,0,0,0,0,1,0,0
12489,0,0,0,1,0,0,0,0,0,0,0
12490,0,0,0,1,0,0,0,0,0,0,0
12492,0,0,0,0,1,0,0,0,0,0,0
12493,0,0,0,1,0,0,0,0,0,0,0
12494,0,0,0,1,0,0,0,0,0,0,0
12500,0,0,0,0,1,0,0,0,0,0,0
12501,0,0,0,0,1,0,0,0,0,0,0
12502,0,0,0,0,0,0,0,0,1,0,0
12506,0,0,0,1,0,0,0,0,0,0,0
12507,0,0,0,0,0,0,0,0,1,0,0
12509,0,0,0,1,0,0,0,0,0,0,0
12510,0,0,0,0,0,0,0,0,1,0,0
12513,0,0,0,1,0,0,0,0,0,0,0
12514,0,0,0,0,0,1,0,0,0,0,0
12515,0,0,0,0,0,1,0,0,0,0,0
12516,0,0,0,0,1,0,0,0,0,0,0
12517,0,0,0,0,1,0,0,0,0,0,0
12518,0,0,0,0,1,0,0,0,0,0,0
12520,0,0,0,0,1,0,0,0,0,0,0
12521,0,0,0,0,1,0,0,0,0,0,0
12523,0,0,0,1,0,0,0,0,0,0,0
12524,0,0,0,0,1,0,0,0,0,0,0
12527,0,0,0,0,1,0,0,0,0,0,0
12528,0,0,0,0,1,0,0,0,0,0,0
12530,0,0,0,0,1,0,0,0,0,0,0
12534,0,0,0,0,1,0,0,0,0,0,0
12535,0,0,0,1,0,0,0,0,0,0,0
12539,0,0,0,0,0,0,0,0,1,0,0
12540,0,0,0,0,0,0,0,0,1,0,0
12541,0,0,0,0,0,0,0,0,1,0,0
12545,0,0,0,0,0,0,0,0,1,0,0
12547,0,0,0,0,0,0,0,0,1,0,0
12548,0,0,0,0,0,0,0,0,1,0,0
12551,0,0,0,0,0,0,0,0,1,0,0
12553,0,0,0,1,0,0,0,0,0,0,0
12556,0,0,0,0,0,0,0,0,1,0,0
12557,0,0,0,0,0,0,0,0,1,0,0
12559,0,0,0,0,1,0,0,0,0,0,0
12560,0,0,0,0,1,0,0,0,0,0,0
12561,0,0,0,0,1,0,0,0,0,0,0
12562,0,0,0,1,0,0,0,0,0,0,0
12564,0,0,0,1,0,0,0,0,0,0,0
12567,0,0,0,1,0,0,0,0,0,0,0
12569,0,0,0,0,1,0,0,0,0,0,0
12571,0,0,0,1,0,0,0,0,0,0,0
12573,0,0,0,1,0,0,0,0,0,0,0
12574,0,0,0,1,0,0,0,0,0,0,0
12577,0,0,0,1,0,0,0,0,0,0,0
12578,0,0,0,0,0,1,0,0,0,0,0
12580,0,0,0,0,1,0,0,0,0,0,0
12582,0,0,1,0,0,0,0,0,0,0,0
12583,0,0,0,1,0,0,0,0,0,0,0
12584,0,0,0,0,0,1,0,0,0,0,0
12585,0,0,0,0,1,0,0,0,0,0,0
12586,0,0,0,0,0,1,0,0,0,0,0
12589,0,0,0,1,0,0,0,0,0,0,0
12590,0,0,0,0,1,0,0,0,0,0,0
12591,0,0,0,0,0,1,0,0,0,0,0
12592,0,0,0,0,1,0,0,0,0,0,0
12593,0,0,0,1,0,0,0,0,0,0,0
12594,0,0,0,0,0,1,0,0,0,0,0
12596,0,0,0,0,0,0,0,0,1,0,0
12597,0,0,0,0,0,0,0,0,1,0,0
12598,0,0,0,1,0,0,0,0,0,0,0
12599,0,0,0,1,0,0,0,0,0,0,0
12600,0,0,0,0,1,0,0,0,0,0,0
12601,0,0,0,0,1,0,0,0,0,0,0
12604,0,0,0,1,0,0,0,0,0,0,0
12605,0,0,0,0,1,0,0,0,0,0,0
12609,0,0,0,0,1,0,0,0,0,0,0
12610,0,0,0,0,0,1,0,0,0,0,0
12613,0,0,0,0,1,0,0,0,0,0,0
12614,0,0,0,0,1,0,0,0,0,0,0
12615,0,0,0,1,0,0,0,0,0,0,0
12616,0,0,0,1,0,0,0,0,0,0,0
12619,0,0,0,0,1,0,0,0,0,0,0
12620,0,0,0,1,0,0,0,0,0,0,0
12621,0,0,0,0,1,0,0,0,0,0,0
12622,0,0,0,0,1,0,0,0,0,0,0
12623,0,0,0,0,1,0,0,0,0,0,0
12624,0,0,0,1,0,0,0,0,0,0,0
12625,0,0,0,0,1,0,0,0,0,0,0
12626,0,0,0,0,1,0,0,0,0,0,0
12627,0,0,0,0,1,0,0,0,0,0,0
12633,0,0,0,0,1,0,0,0,0,0,0
12635,0,0,0,0,1,0,0,0,0,0,0
12637,0,0,0,1,0,0,0,0,0,0,0
12642,0,0,0,0,1,0,0,0,0,0,0
12643,0,0,0,1,0,0,0,0,0,0,0
12644,0,0,0,0,1,0,0,0,0,0,0
12645,0,0,0,0,1,0,0,0,0,0,0
12647,0,0,0,0,1,0,0,0,0,0,0
12648,0,0,0,0,1,0,0,0,0,0,0
12649,0,0,0,0,1,0,0,0,0,0,0
12651,0,0,0,1,0,0,0,0,0,0,0
12652,0,0,0,1,0,0,0,0,0,0,0
12654,0,0,0,0,1,0,0,0,0,0,0
12656,0,0,0,1,0,0,0,0,0,0,0
12662,0,0,0,0,1,0,0,0,0,0,0
12664,0,0,1,0,0,0,0,0,0,0,0
12665,0,0,0,0,1,0,0,0,0,0,0
12668,0,0,0,0,1,0,0,0,0,0,0
12669,0,0,0,1,0,0,0,0,0,0,0
12670,0,0,0,1,0,0,0,0,0,0,0
12672,0,0,0,1,0,0,0,0,0,0,0
12673,0,0,0,0,1,0,0,0,0,0,0
12674,0,0,0,1,0,0,0,0,0,0,0
12678,0,0,0,1,0,0,0,0,0,0,0
12679,0,0,0,1,0,0,0,0,0,0,0
12680,0,0,0,1,0,0,0,0,0,0,0
12681,0,0,0,1,0,0,0,0,0,0,0
12682,0,0,0,1,0,0,0,0,0,0,0
12683,0,0,0,1,0,0,0,0,0,0,0
12684,0,0,0,1,0,0,0,0,0,0,0
12686,0,0,0,1,0,0,0,0,0,0,0
12689,0,0,0,1,0,0,0,0,0,0,0
12690,0,0,0,1,0,0,0,0,0,0,0
12691,0,0,0,1,0,0,0,0,0,0,0
12693,0,0,0,0,1,0,0,0,0,0,0
12694,0,0,0,1,0,0,0,0,0,0,0
12695,0,0,0,1,0,0,0,0,0,0,0
12700,0,0,0,1,0,0,0,0,0,0,0
12701,0,0,0,0,1,0,0,0,0,0,0
12704,0,0,1,0,0,0,0,0,0,0,0
12705,0,0,0,0,1,0,0,0,0,0,0
12707,0,0,0,1,0,0,0,0,0,0,0
12708,0,0,0,0,1,0,0,0,0,0,0
12709,0,0,0,0,1,0,0,0,0,0,0
12710,0,0,0,0,1,0,0,0,0,0,0
12712,0,0,0,0,1,0,0,0,0,0,0
12714,0,0,0,1,0,0,0,0,0,0,0
12716,0,0,0,1,0,0,0,0,0,0,0
12720,0,0,0,0,1,0,0,0,0,0,0
12721,0,0,0,1,0,0,0,0,0,0,0
12722,0,0,0,1,0,0,0,0,0,0,0
12724,0,0,0,1,0,0,0,0,0,0,0
12725,0,0,0,0,0,1,0,0,0,0,0
12726,0,0,0,1,0,0,0,0,0,0,0
12727,0,0,0,1,0,0,0,0,0,0,0
12728,0,0,0,1,0,0,0,0,0,0,0
12729,0,0,0,1,0,0,0,0,0,0,0
12731,0,0,0,1,0,0,0,0,0,0,0
12732,0,0,0,1,0,0,0,0,0,0,0
12734,0,0,0,1,0,0,0,0,0,0,0
12735,0,0,0,1,0,0,0,0,0,0,0
12736,0,0,0,1,0,0,0,0,0,0,0
12738,0,0,0,0,1,0,0,0,0,0,0
12747,0,0,0,0,0,0,0,0,0,0,1
12748,0,0,0,0,0,0,0,0,0,0,1
12749,0,0,0,0,0,0,0,0,0,0,1
12757,0,0,0,0,0,0,0,1,0,0,0
12758,0,0,0,0,0,0,0,1,0,0,0
12766,0,0,0,0,0,0,0,1,0,0,0
12782,0,0,0,0,0,0,0,1,0,0,0
12785,0,0,0,0,0,0,0,1,0,0,0
12792,0,0,0,0,0,0,0,1,0,0,0
12793,0,0,0,0,0,0,0,1,0,0,0
12797,0,0,0,0,0,0,0,1,0,0,0
12808,0,0,0,0,0,0,0,1,0,0,0
12809,0,0,0,0,0,0,0,1,0,0,0
12811,0,0,0,0,0,0,0,1,0,0,0
12817,1,0,0,0,0,0,0,0,0,0,0
12818,1,0,0,0,0,0,0,0,0,0,0
12820,0,0,0,0,0,0,0,0,0,0,1
12821,0,0,0,0,0,0,0,0,0,0,1
12823,0,0,0,0,0,0,0,0,0,0,1
12826,0,0,0,0,0,0,0,0,0,0,1
12828,0,0,0,0,0,0,0,0,0,0,1
12829,0,0,0,0,0,0,0,0,0,0,1
12830,0,0,0,0,0,0,0,0,0,0,1
12831,0,0,0,0,0,0,0,0,0,0,1
12833,0,0,0,0,0,0,0,0,0,0,1
12834,0,0,0,0,0,0,0,0,0,0,1
12836,0,0,0,0,0,0,0,0,0,0,1
12837,0,0,0,0,0,0,0,0,0,0,1
12838,0,0,0,0,0,0,0,0,0,0,1
12839,0,0,0,0,0,0,0,0,0,0,1
12840,0,0,0,0,0,0,0,0,0,0,1
12841,0,0,0,0,0,0,0,0,0,0,1
12842,0,0,0,0,0,0,0,0,0,0,1
12843,0,0,0,0,0,0,0,0,0,0,1
12844,0,0,0,0,0,0,0,0,0,0,1
12845,0,0,0,0,0,0,0,0,0,0,1
12849,0,0,0,0,0,0,0,0,0,0,1
12852,0,0,0,0,0,0,0,0,0,0,1
12853,0,0,0,0,0,0,0,0,0,0,1
12854,0,0,0,0,0,0,0,0,0,0,1
12855,0,0,0,0,0,0,0,0,0,0,1
12857,0,0,0,0,0,0,0,0,0,0,1
12863,0,0,0,0,0,0,0,0,0,0,1
12864,0,0,0,0,0,0,0,0,0,0,1
12865,1,0,0,0,0,0,0,0,0,0,0
12866,0,1,0,0,0,0,0,0,0,0,0
12867,0,0,0,0,0,0,0,0,0,0,1
12868,0,0,0,0,0,0,0,0,0,0,1
12870,0,0,0,0,0,0,0,0,0,0,1
12871,0,0,0,0,0,0,0,0,0,0,1
12872,0,0,0,0,0,0,0,0,0,0,1
12873,0,0,0,0,0,0,0,0,0,0,1
12875,0,0,0,0,0,0,0,0,0,0,1
12876,0,1,0,0,0,0,0,0,0,0,0
12877,0,0,0,0,0,0,0,0,0,0,1
12878,0,0,0,0,0,0,0,0,0,0,1
12881,0,0,0,0,0,0,0,0,0,0,1
12885,0,0,0,0,0,0,0,0,0,0,1
12886,0,0,0,0,0,0,0,0,0,0,1
12888,0,0,0,0,0,0,0,0,0,0,1
12891,0,0,0,0,0,0,0,0,0,0,1
12897,0,0,0,0,0,0,0,0,0,0,1
12901,0,0,0,0,0,0,0,0,0,0,1
12902,0,0,0,0,0,0,0,0,0,0,1
12904,0,0,0,0,0,0,0,0,0,0,1
12908,0,0,0,0,0,0,0,0,0,0,1
12909,0,0,0,0,0,0,0,0,0,0,1
12910,0,0,0,0,0,0,0,0,0,0,1
12913,0,0,0,0,0,0,0,0,0,0,1
12915,0,0,0,0,0,0,0,0,0,0,1
12916,0,0,0,0,0,0,0,0,0,0,1
12917,0,0,0,0,0,0,0,0,0,0,1
12919,0,0,0,0,0,0,0,0,0,0,1
12921,0,0,0,0,0,0,0,0,0,0,1
12922,0,0,0,0,0,0,0,0,0,0,1
12924,0,0,0,0,0,0,0,0,0,0,1
12928,0,0,0,0,0,0,0,0,0,0,1
12929,0,0,0,0,0,0,0,0,0,0,1
12930,0,0,0,0,0,0,0,0,0,0,1
12931,0,0,0,0,0,0,0,0,0,0,1
12933,0,0,0,0,0,0,0,0,0,0,1
12935,0,0,0,0,0,0,0,0,0,0,1
12937,0,0,0,0,0,0,0,0,0,0,1
12939,0,0,0,0,0,0,0,0,0,0,1
12942,0,0,0,0,0,0,0,0,0,0,1
12943,0,0,0,0,0,0,0,0,0,0,1
12944,0,0,0,0,0,0,0,0,0,0,1
12945,0,0,0,0,0,0,0,0,0,0,1
12947,0,0,0,0,0,0,0,0,0,0,1
12948,0,0,0,0,0,0,0,0,0,0,1
12949,0,0,0,0,0,0,0,0,0,0,1
12951,0,0,0,0,0,0,0,0,0,0,1
12955,0,0,0,0,0,0,0,0,0,0,1
12956,0,0,0,0,0,0,0,0,0,0,1
12957,0,0,0,0,0,0,0,0,0,0,1
12962,0,0,0,0,0,0,0,0,0,0,1
12963,0,0,0,0,0,0,0,0,0,0,1
12967,0,0,0,0,0,0,0,0,0,0,1
12968,0,0,0,0,0,0,0,0,0,0,1
12970,0,0,0,0,0,0,0,0,0,0,1
12971,0,0,0,0,0,0,0,0,0,0,1
12974,0,0,0,0,0,0,0,0,0,0,1
12976,0,0,0,0,0,0,0,0,0,0,1
12977,0,0,0,0,0,0,0,0,0,0,1
12980,0,0,0,0,0,0,0,0,0,0,1
12981,0,0,0,0,0,0,0,0,0,0,1
12982,0,0,0,0,0,0,0,0,0,0,1
12987,0,0,0,0,0,0,0,0,0,0,1
12988,0,0,0,0,0,0,0,0,0,0,1
12989,0,0,0,0,0,0,0,0,0,0,1
12990,0,0,0,0,0,0,0,0,0,0,1
12991,0,0,0,0,0,0,0,0,0,0,1
12993,0,0,0,0,0,0,0,0,0,0,1
12994,0,0,0,0,0,0,0,0,0,0,1
12997,0,0,0,0,0,0,0,0,0,0,1
12999,0,0,0,0,0,0,0,0,0,0,1
13000,0,0,0,0,0,0,0,0,0,0,1
13001,0,0,0,0,0,0,0,0,0,0,1
13002,0,0,0,0,0,0,0,0,0,0,1
13003,0,0,0,0,0,0,0,0,0,0,1
13004,0,0,0,0,0,0,0,0,0,0,1
13005,0,0,0,0,0,0,0,0,0,0,1
13008,0,0,0,0,0,0,0,0,0,0,1
13011,0,0,0,0,0,0,0,0,0,0,1
13012,0,0,0,0,0,0,0,0,0,0,1
13013,0,0,0,0,0,0,0,0,0,0,1
13014,0,0,0,0,0,0,0,0,0,0,1
13015,0,0,0,0,0,0,0,0,0,0,1
13016,0,0,0,0,0,0,0,0,0,0,1
13018,0,0,0,0,0,0,0,0,0,0,1
13021,0,0,0,0,0,0,0,0,0,0,1
13023,0,0,0,0,0,0,0,0,0,0,1
13026,0,0,0,0,0,0,0,0,0,0,1
13027,0,0,0,0,0,0,0,0,0,0,1
13029,0,0,0,0,0,0,0,0,0,0,1
13030,0,0,0,0,0,0,0,0,0,0,1
13033,0,0,0,0,0,0,0,0,0,0,1
13034,0,0,0,0,0,0,0,0,0,0,1
13035,0,0,0,0,0,0,0,0,0,0,1
13037,0,0,0,0,0,0,0,0,0,0,1
13038,0,0,0,0,0,0,0,0,0,0,1
13043,0,0,0,0,0,0,0,0,0,0,1
13044,0,0,0,0,0,0,0,0,0,0,1
13046,0,0,0,0,0,0,0,0,0,0,1
13047,0,0,0,0,0,0,0,0,0,0,1
13048,0,0,0,0,0,0,0,0,0,0,1
13049,0,0,0,0,0,0,0,0,0,0,1
13050,0,0,0,0,0,0,0,0,0,0,1
13052,0,0,0,0,0,0,0,0,0,0,1
13055,0,0,0,0,0,0,0,0,0,0,1
13058,0,0,0,0,0,0,0,0,0,0,1
13059,0,0,0,0,0,0,0,0,0,0,1
13060,0,0,0,0,0,0,0,0,0,0,1
13062,0,0,0,0,0,0,0,0,0,0,1
13064,0,0,0,0,0,0,0,0,0,0,1
13065,0,0,0,0,0,0,0,0,0,0,1
13068,0,0,0,0,0,0,0,0,0,0,1
13069,0,0,0,0,0,0,0,0,0,0,1
13070,0,0,0,0,0,0,0,0,0,0,1
13072,0,0,0,0,0,0,0,0,0,0,1
13075,0,0,0,0,0,0,0,0,0,0,1
13077,0,0,0,0,0,0,0,0,0,0,1
13078,0,0,0,0,0,0,0,0,0,0,1
13079,0,0,0,0,0,0,0,0,0,0,1
13080,0,0,0,0,0,0,0,0,0,0,1
13081,0,0,0,0,0,0,0,0,0,0,1
13082,0,0,0,0,0,0,0,0,0,0,1
13085,0,0,0,0,0,0,0,0,0,0,1
13089,0,0,0,0,0,0,0,0,0,0,1
13090,0,0,0,0,0,0,0,0,0,0,1
13092,0,0,0,0,0,0,0,0,0,0,1
13093,0,0,0,0,0,0,0,0,0,0,1
13094,0,0,0,0,0,0,0,0,0,0,1
13097,0,0,0,0,0,0,0,0,0,0,1
13098,0,0,0,0,0,0,0,0,0,0,1
13101,0,0,0,0,0,0,0,0,0,0,1
13102,0,0,0,0,0,0,0,0,0,0,1
13104,0,0,0,0,0,0,0,0,0,0,1
13106,0,0,0,0,0,0,0,0,0,0,1
13107,0,0,0,0,0,0,0,0,0,0,1
13108,0,0,0,0,0,0,0,0,0,0,1
13109,0,0,0,0,0,0,0,0,0,0,1
13110,0,0,0,0,0,0,0,0,0,0,1
13113,0,0,0,0,0,0,0,0,0,0,1
13115,0,0,0,0,0,0,0,0,0,0,1
13116,0,0,0,0,0,0,0,0,0,0,1
13117,0,0,0,0,0,0,0,0,0,0,1
13118,0,0,0,0,0,0,0,0,0,0,1
13120,0,0,0,0,0,0,0,0,0,0,1
13121,0,0,0,0,0,0,0,0,0,0,1
13122,0,0,0,0,0,0,0,0,0,0,1
13124,0,0,0,0,0,0,0,0,0,0,1
13126,0,0,0,0,0,0,0,0,0,0,1
13131,0,0,0,0,0,0,0,0,0,0,1
13132,0,0,0,0,0,0,0,0,0,0,1
13133,0,0,0,0,0,0,0,0,0,0,1
13134,0,0,0,0,0,0,0,0,0,0,1
13135,0,0,0,0,0,0,0,0,0,0,1
13136,0,0,0,0,0,0,0,0,0,0,1
13137,0,0,0,0,0,0,0,0,0,0,1
13138,0,0,0,0,0,0,0,0,0,0,1
13139,0,0,0,0,0,0,0,0,0,0,1
13140,0,0,0,0,0,0,0,0,0,0,1
13141,0,0,0,0,0,0,0,0,0,0,1
13144,0,0,0,0,0,0,0,0,0,0,1
13145,0,0,0,0,0,0,0,0,0,0,1
13148,0,0,0,0,0,0,0,0,0,0,1
13149,0,0,0,0,0,0,0,0,0,0,1
13151,0,0,0,0,0,0,0,0,0,0,1
13155,0,0,0,0,0,0,0,0,0,0,1
13157,0,0,0,0,0,0,0,0,0,0,1
13158,0,0,0,0,0,0,0,0,0,0,1
13159,0,0,0,0,0,0,0,0,0,0,1
13161,0,0,0,0,0,0,0,0,0,0,1
13162,0,0,0,0,0,0,0,0,0,0,1
13165,0,0,0,0,0,0,0,0,0,0,1
13166,0,0,0,0,0,0,0,0,0,0,1
13167,0,0,0,0,0,0,0,0,0,0,1
13168,0,0,0,0,0,0,0,0,0,0,1
13169,0,0,0,0,0,0,0,0,0,0,1
13171,0,0,0,0,0,0,0,0,0,0,1
13173,0,0,0,0,0,0,0,0,0,0,1
13174,0,0,0,0,0,0,0,0,0,0,1
13178,0,0,0,0,0,0,0,0,0,0,1
13183,0,0,0,0,0,0,0,0,0,0,1
13184,0,0,0,0,0,0,0,0,0,0,1
13185,0,0,0,0,0,0,0,0,0,0,1
13186,0,0,0,0,0,0,0,0,0,0,1
13187,0,0,0,0,0,0,0,0,0,0,1
13189,0,0,0,0,0,0,0,0,0,0,1
13192,0,0,0,0,0,0,0,0,0,0,1
13194,0,0,0,0,0,0,0,0,0,0,1
13196,0,0,0,0,0,0,0,0,0,0,1
13198,0,0,0,0,0,0,0,0,0,0,1
13199,0,0,0,0,0,0,0,0,0,0,1
13200,0,0,0,0,0,0,0,0,0,0,1
13203,0,0,0,0,0,0,0,0,0,0,1
13207,0,0,0,0,0,0,0,0,0,0,1
13208,0,0,0,0,0,0,0,0,0,0,1
13209,0,0,0,0,0,0,0,0,0,0,1
13211,0,0,0,0,0,0,0,0,0,0,1
13213,0,0,0,0,0,0,0,0,0,0,1
13216,0,0,0,0,0,0,0,0,0,0,1
13217,0,0,0,0,0,0,0,0,0,0,1
13218,0,0,0,0,0,0,0,0,0,0,1
13220,0,0,0,0,0,0,0,0,0,0,1
13221,0,0,0,0,0,0,0,0,0,0,1
13223,0,0,0,0,0,0,0,0,0,0,1
13224,0,0,0,0,0,0,0,0,0,0,1
13225,0,0,0,0,0,0,0,0,0,0,1
13226,0,0,0,0,0,0,0,0,0,0,1
13227,0,0,0,0,0,0,0,0,0,0,1
13229,0,0,0,0,0,0,0,0,0,0,1
13230,0,0,0,0,0,0,0,0,0,0,1
13232,0,0,0,0,0,0,0,0,0,0,1
13233,0,0,0,0,0,0,0,0,0,0,1
13235,0,0,0,0,0,0,0,0,0,0,1
13236,0,0,0,0,0,0,0,0,0,0,1
13238,0,0,0,0,0,0,0,0,0,0,1
13239,0,0,0,0,0,0,0,0,0,0,1
13240,0,0,0,0,0,0,0,0,0,0,1
13242,0,0,0,0,0,0,0,0,0,0,1
13243,0,0,0,0,0,0,0,0,0,0,1
13246,0,0,0,0,0,0,0,0,0,0,1
13248,0,0,0,0,0,0,0,0,0,0,1
13249,0,0,0,0,0,0,0,0,0,0,1
13253,0,0,0,0,0,0,0,0,0,0,1
13255,0,0,0,0,0,0,0,0,0,0,1
13258,0,0,0,0,0,0,0,0,0,0,1
13261,0,0,0,0,0,0,0,0,0,0,1
13262,0,0,0,0,0,0,0,0,0,0,1
13263,0,0,0,0,0,0,0,0,0,0,1
13265,0,0,0,0,0,0,0,0,0,0,1
13266,0,0,0,0,0,0,0,0,0,0,1
13267,0,0,0,0,0,0,0,0,0,0,1
13268,0,0,0,0,0,0,0,0,0,0,1
13269,0,0,0,0,0,0,0,0,0,0,1
13270,0,0,0,0,0,0,0,0,0,0,1
13273,0,0,0,0,0,0,0,0,0,0,1
13277,0,0,0,0,0,0,0,0,0,0,1
13280,0,0,0,0,0,0,0,0,0,0,1
13282,0,0,0,0,0,0,0,0,0,0,1
13283,0,0,0,0,0,0,0,0,0,0,1
13284,0,0,0,0,0,0,0,0,0,0,1
13285,0,0,0,0,0,0,0,0,0,0,1
13291,0,0,0,0,0,0,0,0,0,0,1
13292,0,0,0,0,0,0,0,0,0,0,1
13294,0,0,0,0,0,0,0,0,0,0,1
13295,0,0,0,0,0,0,0,0,0,0,1
13296,0,0,0,0,0,0,0,0,0,0,1
13299,0,0,0,0,0,0,0,0,0,0,1
13300,0,0,0,0,0,0,0,0,0,0,1
13301,0,0,0,0,0,0,0,0,0,0,1
13302,0,0,0,0,0,0,0,0,0,0,1
13304,0,0,0,0,0,0,0,0,0,0,1
13305,0,0,0,0,0,0,0,0,0,0,1
13307,0,0,0,0,0,0,0,0,0,0,1
13308,0,0,0,0,0,0,0,0,0,0,1
13309,0,0,0,0,0,0,0,0,0,0,1
13310,0,0,0,0,0,0,0,0,0,0,1
13311,0,0,0,0,0,0,0,0,0,0,1
13313,0,0,0,0,0,0,0,0,0,0,1
13316,0,0,0,0,0,0,0,0,0,0,1
13317,0,0,0,0,0,0,0,0,0,0,1
13319,0,0,0,0,0,0,0,0,0,0,1
13320,0,0,0,0,0,0,0,0,0,0,1
13324,0,0,0,0,0,0,0,0,0,0,1
13327,0,0,0,0,0,0,0,0,0,0,1
13328,0,0,0,0,0,0,0,0,0,0,1
13329,0,0,0,0,0,0,0,0,0,0,1
13330,0,0,0,0,0,0,0,0,0,0,1
13334,0,0,0,0,0,0,0,0,0,0,1
13338,0,0,0,0,0,0,0,0,0,0,1
13339,0,0,0,0,0,0,0,0,0,0,1
13340,0,0,0,0,0,0,0,0,0,0,1
13341,0,0,0,0,0,0,0,0,0,0,1
13343,0,0,0,0,0,0,0,0,0,0,1
13344,0,0,0,0,0,0,0,0,0,0,1
13345,0,0,0,0,0,0,0,0,0,0,1
13355,0,0,0,0,0,0,0,0,0,0,1
13357,0,0,0,0,0,0,0,0,0,0,1
13358,0,0,0,0,0,0,0,0,0,0,1
13362,0,0,0,0,0,0,0,0,0,0,1
13365,0,0,0,0,0,0,0,0,0,0,1
13368,0,0,0,0,0,0,0,0,0,0,1
13369,0,0,0,0,0,0,0,0,0,0,1
13370,0,0,0,0,0,0,0,0,0,0,1
13373,0,0,0,0,0,0,0,0,0,0,1
13376,0,0,0,0,0,0,0,0,0,0,1
13379,0,0,0,0,0,0,0,0,0,0,1
13381,0,0,0,0,0,0,0,0,0,0,1
13382,0,0,0,0,0,0,0,0,0,0,1
13384,0,0,0,0,0,0,0,0,0,0,1
13385,0,0,0,0,0,0,0,0,0,0,1
13388,0,0,0,0,0,0,0,0,0,0,1
13389,0,0,0,0,0,0,0,0,0,0,1
13391,0,0,0,0,0,0,0,0,0,0,1
13394,0,0,0,0,0,0,0,0,0,0,1
13395,0,0,0,0,0,0,0,0,0,0,1
13396,0,0,0,0,0,0,0,0,0,0,1
13397,0,0,0,0,0,0,0,0,0,0,1
13398,0,0,0,0,0,0,0,0,0,0,1
13402,0,0,0,0,0,0,0,0,0,0,1
13404,0,0,0,0,0,0,0,0,0,0,1
13405,0,0,0,0,0,0,0,0,0,0,1
13408,0,0,0,0,0,0,0,0,0,0,1
13410,0,0,0,0,0,0,0,0,0,0,1
13411,0,0,0,0,0,0,0,0,0,0,1
13414,0,0,0,0,0,0,0,0,0,0,1
13417,0,0,0,0,0,0,0,0,0,0,1
13418,0,0,0,0,0,0,0,0,0,0,1
13420,0,0,0,0,0,0,0,0,0,0,1
13421,0,0,0,0,0,0,0,0,0,0,1
13425,0,0,0,0,0,0,0,0,0,0,1
13426,0,0,0,0,0,0,0,0,0,0,1
13427,0,0,0,0,0,0,0,0,0,0,1
13435,0,0,0,0,0,0,0,0,0,0,1
13437,0,0,0,0,0,0,0,0,0,0,1
13439,0,0,0,0,0,0,0,0,0,0,1
13448,0,0,0,0,0,0,0,0,0,0,1
13450,0,0,0,0,0,0,0,0,0,0,1
13451,0,0,0,0,0,0,0,0,0,0,1
13452,0,0,0,0,0,0,0,0,0,0,1
13453,0,0,0,0,0,0,0,0,0,0,1
13455,0,0,0,0,0,0,0,0,0,0,1
13456,0,0,0,0,0,0,0,0,0,0,1
13458,0,0,0,0,0,0,0,0,0,0,1
13461,0,0,0,0,0,0,0,0,0,0,1
13462,0,0,0,0,0,0,0,0,0,0,1
13466,0,0,0,0,0,0,0,0,0,0,1
13468,0,0,0,0,0,0,0,0,0,0,1
13470,0,0,0,0,0,0,0,0,0,0,1
13473,0,0,0,0,0,0,0,0,0,0,1
13474,0,0,0,0,0,0,0,0,0,0,1
13475,0,0,0,0,0,0,0,0,0,0,1
13476,0,0,0,0,0,0,0,0,0,0,1
13477,0,0,0,0,0,0,0,0,0,0,1
13479,0,0,0,0,0,0,0,0,0,0,1
13481,0,0,0,0,0,0,0,0,0,0,1
13482,0,0,0,0,0,0,0,0,0,0,1
13484,0,0,0,0,0,0,0,0,0,0,1
13485,0,0,0,0,0,0,0,0,0,0,1
13486,0,0,0,0,0,0,0,0,0,0,1
13487,0,0,0,0,0,0,0,0,0,0,1
13488,0,0,0,0,0,0,0,0,0,0,1
13489,0,0,0,0,0,0,0,0,0,0,1
13491,0,0,0,0,0,0,0,0,0,0,1
13492,0,0,0,0,0,0,0,0,0,1,0
13493,0,0,0,0,0,0,0,0,0,1,0
13494,0,0,0,0,0,0,0,0,0,0,1
13495,0,0,0,0,0,0,0,0,0,0,1
13496,0,0,0,0,0,0,0,0,0,0,1
13497,0,0,0,0,0,0,0,0,0,0,1
13499,0,0,0,0,0,0,0,0,0,0,1
13500,0,0,0,0,0,0,0,0,0,0,1
13501,0,0,0,0,0,0,0,0,0,1,0
13502,0,0,0,0,0,0,0,0,0,0,1
13505,0,0,0,0,0,0,0,0,0,1,0
13506,0,0,0,0,0,0,0,0,0,0,1
13507,0,0,0,0,0,0,0,0,0,0,1
13508,0,0,0,0,0,0,0,0,0,0,1
13509,0,0,0,0,0,0,0,0,0,0,1
13510,0,0,0,0,0,0,0,0,0,0,1
13512,0,0,0,0,0,0,0,0,0,0,1
13513,0,0,0,0,0,0,0,0,0,0,1
13515,0,0,0,0,0,0,0,0,0,0,1
13516,0,0,0,0,0,0,0,0,0,0,1
13517,0,0,0,0,0,0,0,0,0,0,1
13520,0,0,0,0,0,0,0,0,0,1,0
13523,0,0,0,0,0,0,0,0,0,0,1
13524,0,0,0,0,0,0,0,0,0,0,1
13525,0,0,0,0,0,0,0,0,0,0,1
13527,0,0,0,0,0,0,0,0,0,0,1
13529,0,0,0,0,0,0,0,0,0,0,1
13531,0,0,0,0,0,0,0,0,0,0,1
13533,0,0,0,0,0,0,0,0,0,0,1
13534,0,0,0,0,0,0,0,0,0,0,1
13538,0,0,0,0,0,0,0,0,0,0,1
13539,0,0,0,0,0,0,0,0,0,0,1
13544,0,0,0,0,0,0,0,0,0,0,1
13546,0,0,0,0,0,0,0,0,0,0,1
13548,0,0,0,0,0,0,0,0,0,0,1
13549,0,0,0,0,0,0,0,0,0,0,1
13551,0,0,0,0,0,0,0,0,0,0,1
13552,0,0,0,0,0,0,0,0,0,0,1
13555,0,0,0,0,0,0,0,0,0,0,1
13557,0,0,0,0,0,0,0,0,0,0,1
13561,0,0,0,0,0,0,0,0,0,0,1
13562,0,0,0,0,0,0,0,0,0,0,1
13563,0,0,0,0,0,0,0,0,0,0,1
13564,0,0,0,0,0,0,0,0,0,0,1
13565,0,0,0,0,0,0,0,0,0,0,1
13568,0,0,0,0,0,0,0,0,0,0,1
13569,0,0,0,0,0,0,0,0,0,0,1
13570,0,0,0,0,0,0,0,0,0,0,1
13571,0,0,0,0,0,0,0,0,0,0,1
13572,0,0,0,0,0,0,0,0,0,0,1
13573,0,0,0,0,0,0,0,0,0,0,1
13575,0,0,0,0,0,0,0,0,0,0,1
13576,0,0,0,0,0,0,0,0,0,0,1
13577,0,0,0,0,0,0,0,0,0,0,1
13579,0,0,0,0,0,0,0,0,0,0,1
13581,0,0,0,0,0,0,0,0,0,0,1
13583,0,0,0,0,0,0,0,0,0,0,1
13584,0,0,0,0,0,0,0,0,0,0,1
13588,0,0,0,0,0,0,0,0,0,0,1
13589,0,0,0,0,0,0,0,0,0,0,1
13590,0,0,0,0,0,0,0,0,0,0,1
13591,0,0,0,0,0,0,0,0,0,0,1
13592,0,0,0,0,0,0,0,0,0,0,1
13593,0,0,0,0,0,0,0,0,0,0,1
13599,0,0,0,0,0,0,0,0,0,0,1
13600,0,0,0,0,0,0,0,0,0,0,1
13601,0,0,0,0,0,0,0,0,0,0,1
13606,0,0,0,0,0,0,0,0,0,0,1
13610,0,0,0,0,0,0,0,0,0,0,1
13611,0,0,0,0,0,0,0,0,0,0,1
13614,0,0,0,0,0,0,0,0,0,0,1
13615,0,0,0,0,0,0,0,0,0,0,1
13617,0,0,0,0,0,0,0,0,0,0,1
13618,0,0,0,0,0,0,0,0,0,0,1
13621,0,0,0,0,0,0,0,0,0,0,1
13623,0,0,0,0,0,0,0,0,0,0,1
13626,0,0,0,0,0,0,0,0,0,0,1
13627,0,0,0,0,0,0,0,0,0,0,1
13629,0,0,0,0,0,0,0,0,0,0,1
13630,0,0,0,0,0,0,0,0,0,0,1
13631,0,0,0,0,0,0,0,0,0,0,1
13632,0,0,0,0,0,0,0,0,0,0,1
13634,0,0,0,0,0,0,0,0,0,0,1
13636,0,0,0,0,0,0,0,0,0,0,1
13637,0,0,0,0,0,0,0,0,0,0,1
13642,0,0,0,0,0,0,0,0,0,0,1
13643,0,0,0,0,0,0,0,0,0,0,1
13644,0,0,0,0,0,0,0,0,0,0,1
13645,0,0,0,0,0,0,0,0,0,0,1
13647,0,0,0,0,0,0,0,0,0,0,1
13649,0,0,0,0,0,0,0,0,0,0,1
13650,0,0,0,0,0,0,0,0,0,0,1
13652,0,0,0,0,0,0,0,0,0,0,1
13654,0,0,0,0,0,0,0,0,0,0,1
13655,0,0,0,0,0,0,0,0,0,0,1
13656,0,0,0,0,0,0,0,0,0,0,1
13657,0,0,0,0,0,0,0,0,0,0,1
13658,0,0,0,0,0,0,0,0,0,0,1
13659,0,0,0,0,0,0,0,0,0,0,1
13662,0,0,0,0,0,0,0,0,0,0,1
13663,0,0,0,0,0,0,0,0,0,0,1
13666,0,0,0,0,0,0,0,0,0,0,1
13667,0,0,0,0,0,0,0,0,0,0,1
13668,0,0,0,0,0,0,0,0,0,0,1
13669,0,0,0,0,0,0,0,0,0,0,1
13672,0,0,0,0,0,0,0,0,0,0,1
13675,0,0,0,0,0,0,0,0,0,0,1
13678,0,0,0,0,0,0,0,0,0,0,1
13680,0,0,0,0,0,0,0,0,0,0,1
13681,0,0,0,0,0,0,0,0,0,0,1
13682,0,0,0,0,0,0,0,0,0,0,1
13684,0,0,0,0,0,0,0,0,0,0,1
13686,0,0,0,0,0,0,0,0,0,0,1
13692,0,0,0,0,0,0,0,0,0,0,1
13693,0,0,0,0,0,0,0,0,0,0,1
13694,0,0,0,0,0,0,0,0,0,0,1
13695,0,0,0,0,0,0,0,0,0,0,1
13699,0,0,0,0,0,0,0,0,0,0,1
13700,0,0,0,0,0,0,0,0,0,0,1
13703,0,0,0,0,0,0,0,0,0,0,1
13705,0,0,0,0,0,0,0,0,0,0,1
13706,0,0,0,0,0,0,0,0,0,0,1
13707,0,0,0,0,0,0,0,0,0,0,1
13708,0,0,0,0,0,0,0,0,0,0,1
13709,0,0,0,0,0,0,0,0,0,0,1
13711,0,0,0,0,0,0,0,0,0,0,1
13712,0,0,0,0,0,0,0,0,0,0,1
13715,0,0,0,0,0,0,0,0,0,0,1
13716,0,0,0,0,0,0,0,0,0,0,1
13717,0,0,0,0,0,0,0,0,0,0,1
13718,0,0,0,0,0,0,0,0,0,0,1
13719,0,0,0,0,0,0,0,0,0,0,1
13720,0,0,0,0,0,0,0,0,0,0,1
13722,0,0,0,0,0,0,0,0,0,0,1
13723,0,0,0,0,0,0,0,0,0,0,1
13725,0,0,0,0,0,0,0,0,0,0,1
13728,0,0,0,0,0,0,0,0,0,0,1
13730,0,0,0,0,0,0,0,0,0,0,1
13731,0,0,0,0,0,0,0,0,0,0,1
13735,0,0,0,0,0,0,0,0,0,0,1
13736,0,0,0,0,0,0,0,0,0,0,1
13737,0,0,0,0,0,0,0,0,0,0,1
13740,0,0,0,0,0,0,0,0,0,0,1
13741,0,0,0,0,0,0,0,0,0,0,1
13742,0,0,0,0,0,0,0,0,0,0,1
13743,0,0,0,0,0,0,0,0,0,0,1
13744,0,0,0,0,0,0,0,0,0,0,1
13745,0,0,0,0,0,0,0,0,0,0,1
13747,0,0,0,0,0,0,0,0,0,0,1
13748,0,0,0,0,0,0,0,0,0,0,1
13750,0,0,0,0,0,0,0,0,0,0,1
13751,0,0,0,0,0,0,0,0,0,0,1
13752,0,0,0,0,0,0,0,0,0,0,1
13753,0,0,0,0,0,0,0,0,0,0,1
13754,0,0,0,0,0,0,0,0,0,0,1
13756,0,0,0,0,0,0,0,0,0,0,1
13758,0,0,0,0,0,0,0,0,0,0,1
13760,0,0,0,0,0,0,0,0,0,0,1
13761,0,0,0,0,0,0,0,0,0,0,1
13762,0,0,0,0,0,0,0,0,0,0,1
13763,0,0,0,0,0,0,0,0,0,0,1
13764,0,0,0,0,0,0,0,0,0,0,1
13767,0,0,0,0,0,0,0,0,0,0,1
13769,0,0,0,0,0,0,0,0,0,0,1
13771,0,0,0,0,0,0,0,0,0,0,1
13772,0,0,0,0,0,0,0,0,0,0,1
13777,0,0,0,0,0,0,0,0,0,0,1
13778,0,0,0,0,0,0,0,0,0,0,1
13780,0,0,0,0,0,0,0,0,0,0,1
13781,0,0,0,0,0,0,0,0,0,0,1
13782,0,0,0,0,0,0,0,0,0,0,1
13784,0,0,0,0,0,0,0,0,0,0,1
13786,0,0,0,0,0,0,0,0,0,0,1
13787,0,0,0,0,0,0,0,0,0,0,1
13791,0,0,0,0,0,0,0,0,0,0,1
13792,0,0,0,0,0,0,0,0,0,0,1
13798,0,0,0,0,0,0,0,0,0,0,1
13799,0,0,0,0,0,0,0,0,0,0,1
13800,0,0,0,0,0,0,0,0,0,0,1
13802,0,0,0,0,0,0,0,0,0,0,1
13803,0,0,0,0,0,0,0,0,0,0,1
13804,0,0,0,0,0,0,0,0,0,0,1
13805,0,0,0,0,0,0,0,0,0,0,1
13807,0,0,0,0,0,0,0,0,0,0,1
13811,0,0,0,0,1,0,0,0,0,0,0
13812,0,0,0,0,1,0,0,0,0,0,0
13813,0,0,0,0,1,0,0,0,0,0,0
13814,0,0,0,0,1,0,0,0,0,0,0
13815,0,0,0,0,1,0,0,0,0,0,0
13817,0,0,0,0,1,0,0,0,0,0,0
13819,0,0,0,0,0,0,0,0,0,0,1
13821,0,0,0,0,0,0,0,0,0,0,1
13824,0,0,0,0,0,0,0,0,0,0,1
13826,0,0,0,0,0,0,0,0,0,0,1
13827,0,0,0,0,0,0,0,0,0,0,1
13829,0,0,0,0,0,0,0,0,0,0,1
13831,0,0,0,0,0,0,0,0,0,0,1
13833,0,0,0,0,0,0,0,0,0,0,1
13835,0,0,0,0,0,0,0,0,0,0,1
13837,0,0,0,0,0,0,0,0,0,0,1
13838,0,0,0,0,0,0,0,0,0,0,1
13841,0,0,0,0,0,0,0,0,0,0,1
13842,0,0,0,0,0,0,0,0,0,0,1
13846,0,0,0,0,0,0,0,0,0,0,1
13848,0,0,0,0,0,0,0,0,0,0,1
13849,0,0,0,0,0,0,0,0,0,0,1
13850,0,0,0,0,0,0,0,0,0,0,1
13851,0,0,0,0,0,0,0,0,0,0,1
13854,0,0,0,0,0,0,0,0,0,0,1
13856,0,0,0,0,0,0,0,0,0,0,1
13859,0,0,0,0,0,0,0,0,0,0,1
13862,0,0,0,0,0,0,0,0,0,0,1
13863,0,0,0,0,0,0,0,0,0,0,1
13865,0,0,0,0,0,0,0,0,0,0,1
13867,0,0,0,0,0,0,0,0,0,0,1
13869,0,0,0,0,0,0,0,0,0,0,1
13870,0,0,0,0,0,0,0,0,0,0,1
13871,0,0,0,0,0,0,0,0,0,0,1
13873,0,0,0,0,0,0,0,0,0,0,1
13874,0,0,0,0,0,0,0,0,0,0,1
13875,0,0,0,0,0,0,0,0,0,0,1
13880,0,0,0,0,0,0,0,0,0,0,1
13881,0,0,0,0,0,0,0,0,0,0,1
13883,0,0,0,0,0,0,0,0,0,0,1
13884,0,0,0,0,0,0,0,0,0,0,1
13885,0,0,0,0,0,0,0,0,0,0,1
13887,0,0,0,0,0,0,0,0,0,0,1
13888,0,0,0,0,0,0,0,0,0,0,1
13890,0,0,0,0,0,0,0,0,0,0,1
13892,0,0,0,0,0,0,0,0,0,0,1
13893,0,0,0,0,0,0,0,0,0,0,1
13894,0,0,0,0,0,0,0,0,0,0,1
13895,0,0,0,0,0,0,0,0,0,0,1
13898,0,0,0,0,0,0,0,0,0,0,1
13899,0,0,0,0,0,0,0,0,0,0,1
13900,0,0,0,0,0,0,0,0,0,0,1
13901,0,0,0,0,0,0,0,0,0,0,1
13904,0,0,0,0,0,0,0,0,0,0,1
13908,0,0,0,0,0,0,0,0,0,0,1
13911,0,0,0,0,0,0,0,0,0,0,1
13917,0,0,0,0,0,0,0,0,0,0,1
13918,0,0,0,0,0,0,0,0,0,0,1
13922,0,0,0,0,0,0,0,0,0,0,1
13925,0,0,0,0,0,0,0,0,0,0,1
13928,0,0,0,0,0,0,0,0,0,0,1
13929,0,0,0,0,0,0,0,0,0,0,1
13930,0,0,0,0,0,0,0,0,0,0,1
13931,0,0,0,0,0,0,0,0,0,0,1
13932,0,0,0,0,0,0,0,0,0,0,1
13933,0,0,0,0,0,0,0,0,0,0,1
13934,0,0,0,0,0,0,0,0,0,0,1
13936,0,0,0,0,0,0,0,0,0,0,1
13937,0,0,0,0,0,0,0,0,0,0,1
13939,0,0,0,0,0,0,0,0,0,0,1
13940,0,0,0,0,0,0,0,0,0,0,1
13941,0,0,0,0,0,0,0,0,0,0,1
13946,0,0,0,0,0,0,0,0,0,0,1
13948,0,0,0,0,0,0,0,0,0,0,1
13950,0,0,0,0,0,0,0,0,0,0,1
13951,0,0,0,0,0,0,0,0,0,0,1
13952,0,0,0,0,0,0,0,0,0,0,1
13953,0,0,0,0,0,0,0,0,0,0,1
13955,0,0,0,0,0,0,0,0,0,0,1
13956,0,0,0,0,0,0,0,0,0,0,1
13958,0,0,0,0,0,0,0,0,0,0,1
13959,0,0,0,0,0,0,0,0,0,0,1
13962,0,0,0,0,0,0,0,0,0,0,1
13963,0,0,0,0,0,0,0,0,0,0,1
13967,0,0,0,0,0,0,0,0,0,0,1
13969,0,0,0,0,0,0,0,0,0,0,1
13971,0,0,0,0,0,0,0,0,0,0,1
13972,0,0,0,0,0,0,0,0,0,0,1
13973,0,0,0,0,0,0,0,0,0,0,1
13975,0,0,0,0,0,0,0,0,0,0,1
13976,0,0,0,0,0,0,0,0,0,0,1
13982,0,0,0,0,0,0,0,0,0,0,1
13983,0,0,0,0,0,0,0,0,0,0,1
13984,0,0,0,0,0,0,0,0,0,0,1
13985,0,0,0,0,0,0,0,0,0,0,1
13988,0,0,0,0,0,0,0,0,0,0,1
13989,0,0,0,0,0,0,0,0,0,0,1
13990,0,0,0,0,0,0,0,0,0,0,1
13991,0,0,0,0,0,0,0,0,0,0,1
13993,0,0,0,0,0,0,0,0,0,0,1
13994,0,0,0,0,0,0,0,0,0,0,1
13995,0,0,0,0,0,0,0,0,0,0,1
13999,0,0,0,0,0,0,0,0,0,0,1
14000,0,0,0,0,0,0,0,0,0,0,1
14001,0,0,0,0,0,0,0,0,0,0,1
14002,0,0,0,0,0,0,0,0,0,0,1
14004,0,0,0,0,0,0,0,0,0,0,1
14005,0,0,0,0,0,0,0,0,0,0,1
14006,0,0,0,0,0,0,0,0,0,0,1
14009,0,0,0,0,0,0,0,0,0,0,1
14012,0,0,0,0,0,0,0,0,0,0,1
14013,0,0,0,0,0,0,0,0,0,0,1
14019,0,0,0,0,0,0,0,0,0,0,1
14021,0,0,0,0,0,0,0,0,0,0,1
14022,0,0,0,0,0,0,0,0,0,0,1
14023,0,0,0,0,0,0,0,0,0,0,1
14024,0,0,0,0,0,0,0,0,0,0,1
14029,0,0,0,0,0,0,0,0,0,0,1
14030,0,0,0,0,0,0,0,0,0,0,1
14031,0,0,0,0,0,0,0,0,0,0,1
14032,0,0,0,0,0,0,0,0,0,0,1
14034,0,0,0,0,0,0,0,0,0,0,1
14035,0,0,0,0,0,0,0,0,0,0,1
14036,0,0,0,0,0,0,0,0,0,0,1
14037,0,0,0,0,0,0,0,0,0,0,1
14038,0,0,0,0,0,0,0,0,0,0,1
14040,0,0,0,0,0,0,0,0,0,0,1
14041,0,0,0,0,0,0,0,0,0,0,1
14044,0,0,0,0,0,0,0,0,0,0,1
14045,0,0,0,0,0,0,0,0,0,0,1
14046,0,0,0,0,0,0,0,0,0,0,1
14047,0,0,0,0,0,0,0,0,0,0,1
14048,0,0,0,0,0,0,0,0,0,0,1
14049,0,0,0,0,0,0,0,0,0,0,1
14050,0,0,0,0,0,0,0,0,0,0,1
14051,0,0,0,0,0,0,0,0,0,0,1
14053,0,0,0,0,0,0,0,0,0,0,1
14055,0,0,0,0,0,0,0,0,0,0,1
14056,0,0,0,0,0,0,0,0,0,0,1
14057,0,0,0,0,0,0,0,0,0,0,1
14059,0,0,0,0,0,0,0,0,0,0,1
14060,0,0,0,0,0,0,0,0,0,0,1
14062,0,0,0,0,0,0,0,0,0,0,1
14064,0,0,0,0,0,0,0,0,0,0,1
14066,0,0,0,0,0,0,0,0,0,0,1
14068,0,0,0,0,0,0,0,0,0,0,1
14071,0,0,0,0,0,0,0,0,0,0,1
14075,0,0,0,0,0,0,0,0,0,0,1
14076,0,0,0,0,0,0,0,0,0,0,1
14077,0,0,0,0,0,0,0,0,0,0,1
14078,0,0,0,0,0,0,0,0,0,0,1
14079,0,0,0,0,0,0,0,0,0,0,1
14081,0,0,0,0,0,0,0,0,0,0,1
14082,0,0,0,0,0,0,0,0,0,0,1
14083,0,0,0,0,0,0,0,0,0,0,1
14085,0,0,0,0,0,0,0,0,0,0,1
14088,0,0,0,0,0,0,0,0,0,0,1
14090,0,0,0,0,0,0,0,0,0,0,1
14092,0,0,0,0,0,0,0,0,0,0,1
14096,0,0,0,0,0,0,0,0,0,0,1
14099,0,0,0,0,0,0,0,0,0,0,1
14100,0,0,0,0,0,0,0,0,0,0,1
14101,0,0,0,0,0,0,0,0,0,0,1
14104,0,0,0,0,0,0,0,0,0,0,1
14105,0,0,0,0,0,0,0,0,0,0,1
14107,0,0,0,0,0,0,0,0,0,0,1
14108,0,0,0,0,0,0,0,0,0,0,1
14110,0,0,0,0,0,0,0,0,0,0,1
14111,0,0,0,0,0,0,0,0,0,0,1
14112,0,0,0,0,0,0,0,0,0,0,1
14113,0,0,0,0,0,0,0,0,0,0,1
14114,0,0,0,0,0,0,0,0,0,0,1
14116,0,0,0,0,0,0,0,0,0,0,1
14117,0,0,0,0,0,0,0,0,0,0,1
14119,0,0,0,0,0,0,0,0,0,0,1
14127,0,0,0,0,0,0,0,0,0,0,1
14128,0,0,0,0,0,0,0,0,0,0,1
14129,0,0,0,0,0,0,0,0,0,0,1
14130,0,0,0,0,0,0,0,0,0,0,1
14132,0,0,0,0,0,0,0,0,0,0,1
14133,0,0,0,0,0,0,0,0,0,0,1
14135,0,0,0,0,0,0,0,0,0,0,1
14141,0,0,0,0,0,0,0,0,0,0,1
14142,0,0,0,0,0,0,0,0,0,0,1
14143,0,0,0,0,0,0,0,0,0,0,1
14145,0,0,0,0,0,0,0,0,0,0,1
14146,0,0,0,0,0,0,0,0,0,0,1
14147,0,0,0,0,0,0,0,0,0,0,1
14148,0,0,0,0,0,0,0,0,0,0,1
14149,0,0,0,0,0,0,0,0,0,0,1
14150,0,0,0,0,0,0,0,0,0,0,1
14152,0,0,0,0,0,0,0,0,0,0,1
14154,0,0,0,0,0,0,0,0,0,0,1
14155,0,0,0,0,0,0,0,0,0,0,1
14157,0,0,0,0,0,0,0,0,0,0,1
14159,0,0,0,0,0,0,0,0,0,0,1
14161,0,0,0,0,0,0,0,0,0,0,1
14162,0,0,0,0,0,0,0,0,0,0,1
14163,0,0,0,0,0,0,0,0,0,0,1
14165,0,0,0,0,0,0,0,0,0,0,1
14167,0,0,0,0,0,0,0,0,0,0,1
14173,0,0,0,0,0,0,0,0,0,0,1
14175,0,0,0,0,0,0,0,0,0,0,1
14176,0,0,0,0,0,0,0,0,0,0,1
14177,0,0,0,0,0,0,0,0,0,0,1
14178,0,0,0,0,0,0,0,0,0,0,1
14180,0,0,0,0,0,0,0,0,0,0,1
14185,0,0,0,0,0,0,0,0,0,0,1
14188,0,0,0,0,0,0,0,0,0,0,1
14189,0,0,0,0,0,0,0,0,0,0,1
14191,0,0,0,0,0,0,0,0,0,0,1
14193,0,0,0,0,0,0,0,0,0,0,1
14194,0,0,0,0,0,0,0,0,0,0,1
14195,0,0,0,0,0,0,0,0,0,0,1
14196,0,0,0,0,0,0,0,0,0,0,1
14198,0,0,0,0,0,0,0,0,0,0,1
14199,0,0,0,0,0,0,0,0,0,0,1
14201,0,0,0,0,0,0,0,0,0,0,1
14205,0,0,0,0,0,0,0,0,0,0,1
14206,0,0,0,0,0,0,0,0,0,0,1
14209,0,0,0,0,0,0,0,0,0,0,1
14210,0,0,0,0,0,0,0,0,0,0,1
14211,0,0,0,0,0,0,0,0,0,0,1
14213,0,0,0,0,0,0,0,0,0,0,1
14214,0,0,0,0,0,0,0,0,0,0,1
14215,0,0,0,0,0,0,0,0,0,0,1
14217,0,0,0,0,0,0,0,0,0,0,1
14220,0,0,0,0,0,0,0,0,0,0,1
14221,0,0,0,0,0,0,0,0,0,0,1
14222,0,0,0,0,0,0,0,0,0,0,1
14223,0,0,0,0,0,0,0,0,0,0,1
14224,0,0,0,0,0,0,0,0,0,0,1
14226,0,0,0,0,0,0,0,0,0,0,1
14227,0,0,0,0,0,0,0,0,0,0,1
14229,0,0,0,0,0,0,0,0,0,0,1
14231,0,0,0,0,0,0,0,0,0,0,1
14232,0,0,0,0,0,0,0,0,0,0,1
14233,0,0,0,0,0,0,0,0,0,0,1
14235,0,0,0,0,0,0,0,0,0,0,1
14236,0,0,0,0,0,0,0,0,0,0,1
14237,0,0,0,0,0,0,0,0,0,0,1
14238,0,0,0,0,0,0,0,0,0,0,1
14239,0,0,0,0,0,0,0,0,0,0,1
14240,0,0,0,0,0,0,0,0,0,0,1
14241,0,0,0,0,0,0,0,0,0,0,1
14242,0,0,0,0,0,0,0,0,0,0,1
14243,0,0,0,0,0,0,0,0,0,0,1
14245,0,0,0,0,0,0,0,0,0,0,1
14246,0,0,0,0,0,0,0,0,0,0,1
14247,0,0,0,0,0,0,0,0,0,0,1
14248,0,0,0,0,0,0,0,0,0,0,1
14256,0,0,0,0,0,0,0,0,0,0,1
14257,0,0,0,0,0,0,0,0,0,0,1
14258,0,0,0,0,0,0,0,0,0,0,1
14259,0,0,0,0,0,0,0,0,0,0,1
14262,0,0,0,0,0,0,0,0,0,0,1
14264,0,0,0,0,0,0,0,0,0,0,1
14267,0,0,0,0,0,0,0,0,0,0,1
14270,0,0,0,0,0,0,0,0,0,0,1
14271,0,0,0,0,0,0,0,0,0,0,1
14272,0,0,0,0,0,0,0,0,0,0,1
14273,0,0,0,0,0,0,0,0,0,0,1
14276,0,0,0,0,0,0,0,0,0,0,1
14277,0,0,0,1,0,0,0,0,0,0,0
14280,0,0,0,0,0,0,0,0,0,0,1
14282,0,0,0,0,0,0,0,0,0,0,1
14285,0,0,0,0,0,0,0,0,0,0,1
14286,0,0,0,0,0,0,0,0,0,0,1
14287,0,0,0,0,0,0,0,0,0,0,1
14288,0,0,0,0,0,0,0,0,0,0,1
14289,0,0,0,0,0,0,0,0,0,0,1
14290,0,0,0,0,0,0,0,0,0,0,1
14291,0,0,0,0,0,0,0,0,0,0,1
14292,0,0,0,0,0,0,0,0,0,0,1
14293,0,0,0,0,0,0,0,0,0,0,1
14295,0,0,0,0,0,0,0,0,0,0,1
14297,0,0,0,0,0,0,0,0,0,0,1
14298,0,0,0,0,0,0,0,0,0,0,1
14299,0,0,0,0,0,0,0,0,0,0,1
14301,0,0,0,0,0,0,0,0,0,0,1
14304,0,0,0,0,0,0,0,0,0,0,1
14305,0,0,0,0,0,0,0,0,0,0,1
14307,0,0,0,0,0,0,0,0,0,0,1
14309,0,0,0,0,0,0,0,0,0,0,1
14311,0,0,0,0,0,0,0,0,0,0,1
14312,0,0,0,0,0,0,0,0,0,0,1
14314,0,0,0,0,0,0,0,0,0,0,1
14315,0,0,0,0,0,0,0,0,0,0,1
14320,0,0,0,0,0,0,0,0,0,0,1
14321,0,0,0,0,0,0,0,0,0,0,1
14323,0,0,0,0,0,0,0,0,0,0,1
14326,0,0,0,0,0,0,0,0,0,0,1
14327,0,0,0,0,0,0,0,0,0,0,1
14329,0,0,0,0,0,0,0,0,0,0,1
14331,0,0,0,0,0,0,0,0,0,0,1
14332,0,0,0,0,0,0,0,0,0,0,1
14334,0,0,0,0,0,0,0,0,0,0,1
14336,0,0,0,0,0,0,0,0,0,0,1
14338,0,0,0,0,0,0,0,0,0,0,1
14339,0,0,0,0,0,0,0,0,0,0,1
14340,0,0,0,0,0,0,0,0,0,0,1
14341,0,0,0,0,0,0,0,0,0,0,1
14342,0,0,0,0,0,0,0,0,0,0,1
14344,0,0,0,0,0,0,0,0,0,0,1
14346,0,0,0,0,0,0,0,0,0,0,1
14348,0,0,0,0,0,0,0,0,0,0,1
14350,0,0,0,0,0,0,0,0,0,0,1
14351,0,0,0,0,0,0,0,0,0,0,1
14352,0,0,0,0,0,0,0,0,0,0,1
14353,0,0,0,0,0,0,0,0,0,0,1
14355,0,0,0,0,0,0,0,0,0,0,1
14364,0,0,0,0,0,0,0,0,0,0,1
14367,0,0,0,0,0,0,0,0,0,0,1
14368,0,0,0,0,0,0,0,0,0,0,1
14371,0,0,0,0,0,0,0,0,0,0,1
14373,0,0,0,0,0,0,0,0,0,0,1
14375,0,0,0,0,0,0,0,0,0,0,1
14377,0,0,0,0,0,0,0,0,0,0,1
14379,0,0,0,0,0,0,0,0,0,0,1
14383,0,0,0,0,0,0,0,0,0,0,1
14386,0,0,0,0,0,0,0,0,0,0,1
14387,0,0,0,0,0,0,0,0,0,0,1
14388,0,0,0,0,0,0,0,0,0,0,1
14389,0,0,0,0,0,0,0,0,0,0,1
14390,0,0,0,0,0,0,0,0,0,0,1
14393,0,0,0,0,0,0,0,0,0,0,1
14395,0,0,0,0,0,0,0,0,0,0,1
14396,0,0,0,0,0,0,0,0,0,0,1
14397,0,0,0,0,0,0,0,0,0,0,1
14400,0,0,0,0,0,0,0,0,0,0,1
14401,0,0,0,0,0,0,0,0,0,0,1
14403,0,0,0,0,0,0,0,0,0,0,1
14404,0,0,0,0,0,0,0,0,0,0,1
14406,0,0,0,0,0,0,0,0,0,0,1
14407,0,0,0,0,0,0,0,0,0,0,1
14408,0,0,0,0,0,0,0,0,0,0,1
14409,0,0,0,0,0,0,0,0,0,0,1
14410,0,0,0,0,0,0,0,0,0,0,1
14411,0,0,0,0,0,0,0,0,0,0,1
14413,0,0,0,0,0,0,0,0,0,0,1
14414,0,0,0,0,0,0,0,0,0,0,1
14415,0,0,0,0,0,0,0,0,0,0,1
14418,0,0,0,0,0,0,0,0,0,0,1
14419,0,0,0,0,0,0,0,0,0,0,1
14421,0,0,0,0,0,0,0,0,0,0,1
14422,0,0,0,0,0,0,0,0,0,0,1
14423,0,0,0,0,0,0,0,0,0,0,1
14426,0,0,0,0,0,0,0,0,0,0,1
14428,0,0,0,0,0,0,0,0,0,0,1
14431,0,0,0,0,0,0,0,0,0,0,1
14437,0,0,0,0,0,0,0,0,0,0,1
14438,0,0,0,0,0,0,0,0,0,0,1
14440,0,0,0,0,0,0,0,0,0,0,1
14441,0,0,0,0,0,0,0,0,0,0,1
14443,0,0,0,0,0,0,0,0,0,0,1
14446,0,0,0,0,0,0,0,0,0,0,1
14447,0,0,0,0,0,0,0,0,0,0,1
14448,0,0,0,0,0,0,0,0,0,0,1
14449,0,0,0,0,0,0,0,0,0,0,1
14450,0,0,0,0,0,0,0,0,0,0,1
14451,0,0,0,0,0,0,0,0,0,0,1
14453,0,0,0,0,0,0,0,0,0,0,1
14456,0,0,0,0,0,0,0,0,0,0,1
14457,0,0,0,0,0,0,0,0,0,0,1
14459,0,0,0,0,0,0,0,0,0,0,1
14460,0,0,0,0,0,0,0,0,0,0,1
14461,0,0,0,0,0,0,0,0,0,0,1
14462,0,0,0,0,0,0,0,0,0,0,1
14463,0,0,0,0,0,0,0,0,0,0,1
14465,0,0,0,0,0,0,0,0,0,0,1
14466,0,0,0,0,0,0,0,0,0,0,1
14467,0,0,0,0,0,0,0,0,0,0,1
14470,0,0,0,0,0,0,0,0,0,0,1
14472,0,0,0,0,0,0,0,0,0,0,1
14473,0,0,0,0,0,0,0,0,0,0,1
14475,0,0,0,0,0,0,0,0,0,0,1
14476,0,0,0,0,0,0,0,0,0,0,1
14477,0,0,0,0,0,0,0,0,0,0,1
14479,0,0,0,0,0,0,0,0,0,0,1
14481,0,0,0,0,0,0,0,0,0,0,1
14482,0,0,0,0,0,0,0,0,0,0,1
14483,0,0,0,0,0,0,0,0,0,0,1
14487,0,0,0,0,0,0,0,0,0,0,1
14489,0,0,0,0,0,0,0,0,0,0,1
14491,0,0,0,0,0,0,0,0,0,0,1
14493,0,0,0,0,0,0,0,0,0,0,1
14495,0,0,0,0,0,0,0,0,0,0,1
14496,0,0,0,0,0,0,0,0,0,0,1
14497,0,0,0,0,0,0,0,0,0,0,1
14498,0,0,0,0,0,0,0,0,0,0,1
14499,0,0,0,0,0,0,0,0,0,0,1
14500,0,0,0,0,0,0,0,0,0,0,1
14501,0,0,0,0,0,0,0,0,0,0,1
14502,0,0,0,0,0,0,0,0,0,0,1
14503,0,0,0,0,0,0,0,0,0,0,1
14504,0,0,0,0,0,0,0,0,0,0,1
14505,0,0,0,0,0,0,0,0,0,0,1
14506,0,0,0,0,0,0,0,0,0,0,1
14507,0,0,0,0,0,0,0,0,0,0,1
14511,0,0,0,0,0,0,0,0,0,0,1
14512,0,0,0,0,0,0,0,0,0,0,1
14513,0,0,0,0,0,0,0,0,0,0,1
14514,0,0,0,0,0,0,0,0,0,0,1
14515,0,0,0,0,0,0,0,0,0,0,1
14517,0,0,0,0,0,0,0,0,0,0,1
14520,0,0,0,0,0,0,0,0,0,0,1
14522,0,0,0,0,0,0,0,0,0,0,1
14523,0,0,0,0,0,0,0,0,0,0,1
14524,0,0,0,0,0,0,0,0,0,0,1
14525,0,0,0,0,0,0,0,0,0,0,1
14527,0,0,0,0,0,0,0,0,0,0,1
14529,0,0,0,0,0,0,0,0,0,0,1
14530,0,0,0,0,0,0,0,0,0,0,1
14532,0,0,0,0,0,0,0,0,0,0,1
14533,0,0,0,0,0,0,0,0,0,0,1
14534,0,0,0,0,0,0,0,0,0,0,1
14535,0,0,0,0,0,0,0,0,0,0,1
14536,0,0,0,0,0,0,0,0,0,0,1
14538,0,0,0,0,0,0,0,0,0,0,1
14540,0,0,0,0,0,0,0,0,0,0,1
14541,0,0,0,0,0,0,0,0,0,0,1
14542,0,0,0,0,0,0,0,0,0,0,1
14543,0,0,0,0,0,0,0,0,0,0,1
14544,0,0,0,0,0,0,0,0,0,0,1
14546,0,0,0,0,0,0,0,0,0,0,1
14548,0,0,0,0,0,0,0,0,0,0,1
14549,0,0,0,0,0,0,0,0,0,0,1
14551,0,0,0,0,0,0,0,0,0,0,1
14552,0,0,0,0,0,0,0,0,0,0,1
14553,0,0,0,0,0,0,0,0,0,0,1
14555,0,0,0,0,0,0,0,0,0,0,1
14560,0,0,0,0,0,0,0,0,0,0,1
14561,0,0,0,0,0,0,0,0,0,0,1
14562,0,0,0,0,0,0,0,0,0,0,1
14565,0,0,0,0,0,0,0,0,0,0,1
14567,0,0,0,0,0,0,0,0,0,0,1
14570,0,0,0,0,0,0,0,0,0,0,1
14572,0,0,0,0,0,0,0,0,0,0,1
14573,0,0,0,0,0,0,0,0,0,0,1
14576,0,0,0,0,0,0,0,0,0,0,1
14577,0,0,0,0,0,0,0,0,0,0,1
14583,0,0,0,0,0,0,0,0,0,0,1
14584,0,0,0,0,0,0,0,0,0,0,1
14586,0,0,0,0,0,0,0,0,0,0,1
14587,0,0,0,0,0,0,0,0,0,0,1
14589,0,0,0,0,0,0,0,0,0,0,1
14591,0,0,0,0,0,0,0,0,0,0,1
14593,0,0,0,0,0,0,0,0,0,0,1
14594,0,0,0,0,0,0,0,0,0,0,1
14595,0,0,0,0,0,0,0,0,0,0,1
14597,0,0,0,0,0,0,0,0,0,0,1
14600,0,0,0,0,0,0,0,0,0,0,1
14603,0,0,0,0,0,0,0,0,0,0,1
14606,0,0,0,0,0,0,0,0,0,0,1
14607,0,0,0,0,0,0,0,0,0,0,1
14608,0,0,0,0,0,0,0,0,0,0,1
14609,0,0,0,0,0,0,0,0,0,0,1
14616,0,0,0,0,0,0,0,0,0,0,1
14618,0,0,0,0,0,0,0,0,0,0,1
14619,0,0,0,0,0,0,0,0,0,0,1
14620,0,0,0,0,0,0,0,0,0,0,1
14621,0,0,0,0,0,0,0,0,0,0,1
14622,0,0,0,0,0,0,0,0,0,0,1
14623,0,0,0,0,0,0,0,0,0,0,1
14625,0,0,0,0,0,0,0,0,0,0,1
14626,0,0,0,0,0,0,0,0,0,0,1
14627,0,0,0,0,0,0,0,0,0,0,1
14628,0,0,0,0,0,0,0,0,0,0,1
14631,0,0,0,0,0,0,0,0,0,0,1
14632,0,0,0,0,0,0,0,0,0,0,1
14633,0,0,0,0,0,0,0,0,0,0,1
14636,0,0,0,0,0,0,0,0,0,0,1
14639,0,0,0,0,0,0,0,0,0,0,1
14640,0,0,0,0,0,0,0,0,0,0,1
14643,0,0,0,0,0,0,0,0,0,0,1
14644,0,0,0,0,0,0,0,0,0,0,1
14645,0,0,0,0,0,0,0,0,0,0,1
14647,0,0,0,0,0,0,0,0,0,0,1
14649,0,0,0,0,0,0,0,0,0,0,1
14651,0,0,0,0,0,0,0,0,0,0,1
14653,0,0,0,0,0,0,0,0,0,0,1
14655,0,0,0,0,0,0,0,0,0,0,1
14656,0,0,0,0,0,0,0,0,0,0,1
14657,0,0,0,0,0,0,0,0,0,0,1
14658,0,0,0,0,0,0,0,0,0,0,1
14659,0,0,0,0,0,0,0,0,0,0,1
14662,0,0,0,0,0,0,0,0,0,0,1
14665,0,0,0,0,0,0,0,0,0,0,1
14667,0,0,0,0,0,0,0,0,0,0,1
14669,0,0,0,0,0,0,0,0,0,0,1
14670,0,0,0,0,0,0,0,0,0,0,1
14672,0,0,0,0,0,0,0,0,0,0,1
14673,0,0,0,0,0,0,0,0,0,0,1
14676,0,0,0,0,0,0,0,0,0,0,1
14679,0,0,0,0,0,0,0,0,0,0,1
14680,0,0,0,0,0,0,0,0,0,0,1
14681,0,0,0,0,0,0,0,0,0,0,1
14682,0,0,0,0,0,0,0,0,0,0,1
14684,0,0,0,0,0,0,0,0,0,0,1
14687,0,0,0,0,0,0,0,0,0,0,1
14688,0,0,0,0,0,0,0,0,0,0,1
14689,0,0,0,0,0,0,0,0,0,0,1
14690,0,0,0,0,0,0,0,0,0,0,1
14691,0,0,0,0,0,0,0,0,0,0,1
14692,0,0,0,0,0,0,0,0,0,0,1
14693,0,0,0,0,0,0,0,0,0,0,1
14696,0,0,0,0,0,0,0,0,0,0,1
14697,0,0,0,0,0,0,0,0,0,0,1
14699,0,0,0,0,0,0,0,0,0,0,1
14700,0,0,0,0,0,0,0,0,0,0,1
14701,0,0,0,0,0,0,0,0,0,0,1
14702,0,0,0,0,0,0,0,0,0,0,1
14704,0,0,0,0,0,0,0,0,0,0,1
14705,0,0,0,0,0,0,0,0,0,0,1
14708,0,0,0,0,0,0,0,0,0,0,1
14709,0,0,0,0,0,0,0,0,0,0,1
14711,0,0,0,0,0,0,0,0,0,0,1
14712,0,0,0,0,0,0,0,0,0,0,1
14713,0,0,0,0,0,0,0,0,0,0,1
14715,0,0,0,0,0,0,0,0,0,0,1
14716,0,0,0,0,0,0,0,0,0,0,1
14719,0,0,0,0,0,0,0,0,0,0,1
14720,0,0,0,0,0,0,0,0,0,0,1
14722,0,0,0,0,0,0,0,0,0,0,1
14723,0,0,0,0,0,0,0,0,0,0,1
14727,0,0,0,0,0,0,0,0,0,0,1
14729,0,0,0,0,0,0,0,0,0,0,1
14730,0,0,0,0,0,0,0,0,0,0,1
14731,0,0,0,0,0,0,0,0,0,0,1
14732,0,0,0,0,0,0,0,0,0,0,1
14733,0,0,0,0,0,0,0,0,0,0,1
14735,0,0,0,0,0,0,0,0,0,0,1
14737,0,0,0,0,0,0,0,0,0,0,1
14738,0,0,0,0,0,0,0,0,0,0,1
14739,0,0,0,0,0,0,0,0,0,0,1
14740,0,0,0,0,0,0,0,0,0,0,1
14741,0,0,0,0,0,0,0,0,0,0,1
14744,0,0,0,0,0,0,0,0,0,0,1
14745,0,0,0,0,0,0,0,0,0,0,1
14747,0,0,0,0,0,0,0,0,0,0,1
14748,0,0,0,0,0,0,0,0,0,0,1
14754,0,0,0,0,0,0,0,0,0,0,1
14755,0,0,0,0,0,0,0,0,0,0,1
14758,0,0,0,0,0,0,0,0,0,0,1
14759,0,0,0,0,0,0,0,0,0,0,1
14760,0,0,0,0,0,0,0,0,0,0,1
14761,0,0,0,0,0,0,0,0,0,0,1
14762,0,0,0,0,0,0,0,0,0,0,1
14765,0,0,0,0,0,0,0,0,0,0,1
14766,0,0,0,0,0,0,0,0,0,0,1
14768,0,0,0,0,0,0,0,0,0,0,1
14769,0,0,0,0,0,0,0,0,0,0,1
14770,0,0,0,0,0,0,0,0,0,0,1
14772,0,0,0,0,0,0,0,0,0,0,1
14775,0,0,0,0,0,0,0,0,0,0,1
14776,0,0,0,0,0,0,0,0,0,0,1
14777,0,0,0,0,0,0,0,0,0,0,1
14778,0,0,0,0,0,0,0,0,0,0,1
14779,0,0,0,0,0,0,0,0,0,0,1
14782,0,0,0,0,0,0,0,0,0,0,1
14784,0,0,0,0,0,0,0,0,0,0,1
14790,0,0,0,0,0,0,0,0,0,0,1
14794,0,0,0,0,0,0,0,0,0,0,1
14795,0,0,0,0,0,0,0,0,0,0,1
14796,0,0,0,0,0,0,0,0,0,0,1
14798,0,0,0,0,0,0,0,0,0,0,1
14800,0,0,0,0,0,0,0,0,0,0,1
14803,0,0,0,0,0,0,0,0,0,0,1
14805,0,0,0,0,0,0,0,0,0,0,1
14808,0,0,0,0,0,0,0,0,0,0,1
14810,0,0,0,0,0,0,0,0,0,0,1
14813,0,0,0,0,0,0,0,0,0,0,1
14816,0,0,0,0,0,0,0,0,0,0,1
14817,0,0,0,0,0,0,0,0,0,0,1
14818,0,0,0,0,0,0,0,0,0,0,1
14819,0,0,0,0,0,0,0,0,0,0,1
14820,0,0,0,0,0,0,0,0,0,0,1
14821,0,0,0,0,0,0,0,0,0,0,1
14823,0,0,0,0,0,0,0,0,0,0,1
14825,0,0,0,0,0,0,0,0,0,0,1
14828,0,0,0,0,0,0,0,0,0,0,1
14829,0,0,0,0,0,0,0,0,0,0,1
14834,0,0,0,0,0,0,0,0,0,0,1
14837,0,0,0,0,0,0,0,0,0,0,1
14840,0,0,0,0,0,0,0,0,0,0,1
14841,0,0,0,0,0,0,0,0,0,0,1
14842,0,0,0,0,0,0,0,0,0,0,1
14844,0,0,0,0,0,0,0,0,0,0,1
14847,0,0,0,0,0,0,0,0,0,0,1
14849,0,0,0,0,0,0,0,0,0,0,1
14850,0,0,0,0,0,0,0,0,0,0,1
14851,0,0,0,0,0,0,0,0,0,0,1
14852,0,0,0,0,0,0,0,0,0,0,1
14853,0,0,0,0,0,0,0,0,0,0,1
14854,0,0,0,0,0,0,0,0,0,0,1
14855,0,0,0,0,0,0,0,0,0,0,1
14857,0,0,0,0,0,0,0,0,0,0,1
14859,0,0,0,0,0,0,0,0,0,0,1
14862,0,0,0,0,0,0,0,0,0,0,1
14865,0,0,0,0,0,0,0,0,0,0,1
14866,0,0,0,0,0,0,0,0,0,0,1
14867,0,0,0,0,0,0,0,0,0,0,1
14868,0,0,0,0,0,0,0,0,0,0,1
14869,0,0,0,0,0,0,0,0,0,0,1
14870,0,0,0,0,0,0,0,0,0,0,1
14871,0,0,0,0,0,0,0,0,0,0,1
14873,0,0,0,0,0,0,0,0,0,0,1
14875,0,0,0,0,0,0,0,0,0,0,1
14878,0,0,0,0,0,0,0,0,0,0,1
14880,0,0,0,0,0,0,0,0,0,0,1
14883,0,0,0,0,0,0,0,0,0,0,1
14885,0,0,0,0,0,0,0,0,0,0,1
14886,0,0,0,0,0,0,0,0,0,0,1
14888,0,0,0,0,0,0,0,0,0,0,1
14889,0,0,0,0,0,0,0,0,0,0,1
14890,0,0,0,0,0,0,0,0,0,0,1
14891,0,0,0,0,0,0,0,0,0,0,1
14895,0,0,0,0,0,0,0,0,0,0,1
14896,0,0,0,0,0,0,0,0,0,0,1
14897,0,0,0,0,0,0,0,0,0,0,1
14898,0,0,0,0,0,0,0,0,0,0,1
14901,0,0,0,0,0,0,0,0,0,0,1
14903,0,0,0,0,0,0,0,0,0,0,1
14905,0,0,0,0,0,0,0,0,0,0,1
14907,0,0,0,0,0,0,0,0,0,0,1
14912,0,0,0,0,0,1,0,0,0,0,0
14913,0,0,0,0,0,0,0,0,0,0,1
14915,0,0,0,0,0,0,0,0,0,0,1
14916,0,0,0,0,0,0,0,0,0,0,1
14918,0,0,0,0,0,0,0,0,0,0,1
14920,0,0,0,0,0,0,0,0,0,0,1
14921,0,0,0,0,0,0,0,0,0,0,1
14924,0,0,0,0,0,0,0,0,0,0,1
14944,0,0,0,0,0,0,0,0,0,0,1
14947,0,0,0,0,0,0,0,0,0,0,1
14948,0,0,0,0,0,0,0,0,0,0,1
14952,0,0,0,0,0,0,0,0,0,0,1
14957,0,0,0,0,0,0,0,0,0,0,1
14958,0,0,0,0,0,0,0,0,0,0,1
14959,0,0,0,0,0,0,0,0,0,0,1
14960,0,0,0,0,0,0,0,0,0,0,1
14961,0,0,0,0,0,0,0,0,0,0,1
14962,0,0,0,0,0,0,0,0,0,0,1
14963,0,0,0,0,0,0,0,0,0,0,1
14964,0,0,0,0,0,0,0,0,0,0,1
14970,0,0,0,0,0,0,0,0,0,0,1
14972,0,0,0,0,0,0,0,0,0,0,1
14973,0,0,0,0,0,0,0,0,0,0,1
14976,0,0,0,0,0,0,0,0,0,0,1
14978,0,0,0,0,0,0,0,0,0,0,1
14981,0,0,0,0,0,0,0,0,0,0,1
14984,0,0,0,0,0,0,0,0,0,0,1
14985,0,0,0,0,0,0,0,0,0,0,1
14987,0,0,0,0,0,0,0,0,0,0,1
14988,0,0,0,0,0,0,0,0,0,0,1
14995,0,0,0,0,0,0,0,0,0,0,1
14997,0,0,0,0,0,0,0,0,0,0,1
14998,0,0,0,0,0,0,0,0,0,0,1
15002,0,0,0,0,0,0,0,0,0,0,1
15004,0,0,0,0,0,0,0,0,0,0,1
15005,0,0,0,0,0,0,0,0,0,0,1
15007,0,0,0,0,0,0,0,0,0,0,1
15012,0,0,0,0,0,0,0,0,0,0,1
15014,0,0,0,0,0,0,0,0,0,0,1
15016,0,0,0,0,0,0,0,0,0,0,1
15018,0,0,0,0,0,0,0,0,0,0,1
15019,0,0,0,0,0,0,0,0,0,0,1
15021,0,0,0,0,0,0,0,0,0,0,1
15023,0,0,0,0,0,0,0,0,0,0,1
15024,0,0,0,0,0,0,0,0,0,0,1
15026,0,0,0,0,0,0,0,0,0,0,1
15027,0,0,0,0,0,0,0,0,0,0,1
15028,0,0,0,0,0,0,0,0,0,0,1
15030,0,0,0,0,0,0,0,0,0,0,1
15031,0,0,0,0,0,0,0,0,0,0,1
15032,0,0,0,0,0,0,0,0,0,0,1
15033,0,0,0,0,0,0,0,0,0,0,1
15034,0,0,0,0,0,0,0,0,0,0,1
15036,0,0,0,0,0,0,0,0,0,0,1
15038,0,0,0,0,0,0,0,0,0,0,1
15039,0,0,0,0,0,0,0,0,0,0,1
15041,0,0,0,0,0,0,0,0,0,0,1
15042,0,0,0,0,0,0,0,0,0,0,1
15044,0,0,0,0,0,0,0,0,0,0,1
15045,0,0,0,0,0,0,0,0,0,0,1
15046,0,0,0,0,0,0,0,0,0,0,1
15047,0,0,0,0,0,0,0,0,0,0,1
15048,0,0,0,0,0,0,0,0,0,0,1
15049,0,0,0,0,0,0,0,0,0,0,1
15051,0,0,0,0,0,0,0,0,0,0,1
15052,0,0,0,0,0,0,0,0,0,0,1
15053,0,0,0,0,0,0,0,0,0,0,1
15057,0,0,0,0,0,0,0,0,0,0,1
15058,0,0,0,0,0,0,0,0,0,0,1
15059,0,0,0,0,0,0,0,0,0,0,1
15061,0,0,0,0,0,0,0,0,0,0,1
15062,0,0,0,0,0,0,0,0,0,0,1
15063,0,0,0,0,0,0,0,0,0,0,1
15065,0,0,0,0,0,0,0,0,0,0,1
15067,0,0,0,0,0,0,0,0,0,0,1
15068,0,0,0,0,0,0,0,0,0,0,1
15069,0,0,0,0,0,0,0,0,0,0,1
15070,0,0,0,0,0,0,0,0,0,0,1
15071,0,0,0,0,0,0,0,0,0,0,1
15073,0,0,0,0,0,0,0,0,0,0,1
15074,0,0,0,0,0,0,0,0,0,0,1
15076,0,0,0,0,0,0,0,0,0,0,1
15078,0,0,0,0,0,0,0,0,0,0,1
15079,0,0,0,0,0,0,0,0,0,0,1
15081,0,0,0,0,0,0,0,0,0,0,1
15083,0,0,0,0,0,0,0,0,0,0,1
15087,0,0,0,0,0,0,0,0,0,0,1
15089,0,0,0,0,0,0,0,0,0,0,1
15090,0,0,0,0,0,0,0,0,0,0,1
15092,0,0,0,0,0,0,0,0,0,0,1
15093,0,0,0,0,0,0,0,0,0,0,1
15095,0,0,0,0,0,0,0,0,0,0,1
15098,0,0,0,0,0,0,0,0,0,0,1
15100,0,0,0,0,0,0,0,0,0,0,1
15101,0,0,0,0,0,0,0,0,0,0,1
15104,0,0,0,0,0,0,0,0,0,0,1
15105,0,0,0,0,0,0,0,0,0,0,1
15106,0,0,0,0,0,0,0,0,0,0,1
15107,0,0,0,0,0,0,0,0,0,0,1
15109,0,0,0,0,0,0,0,0,0,0,1
15110,0,0,0,0,0,0,0,0,0,0,1
15111,0,0,0,0,0,0,0,0,0,0,1
15114,0,0,0,0,0,0,0,0,0,0,1
15116,0,0,0,0,0,0,0,0,0,0,1
15117,0,0,0,0,0,0,0,0,0,0,1
15118,0,0,0,0,0,0,0,0,0,0,1
15119,0,0,0,0,0,0,0,0,0,0,1
15120,0,0,0,0,0,0,0,0,0,0,1
15121,0,0,0,0,0,0,0,0,0,0,1
15122,0,0,0,0,0,0,0,0,0,0,1
15123,0,0,0,0,0,0,0,0,0,0,1
15124,0,0,0,0,0,0,0,0,0,0,1
15125,0,0,0,0,0,0,0,0,0,0,1
15128,0,0,0,0,0,0,0,0,0,0,1
15129,0,0,0,0,0,0,0,0,0,0,1
15130,0,0,0,0,0,0,0,0,0,0,1
15132,0,0,0,0,0,0,0,0,0,0,1
15133,0,0,0,0,0,0,0,0,0,0,1
15134,0,0,0,0,0,0,0,0,0,0,1
15135,0,0,0,0,0,0,0,0,0,0,1
15139,0,0,0,0,0,0,0,0,0,0,1
15140,0,0,0,0,0,0,0,0,0,0,1
15143,0,0,0,0,0,0,0,0,0,0,1
15144,0,0,0,0,0,0,0,0,0,0,1
15145,0,0,0,0,0,0,0,0,0,0,1
15146,0,0,0,0,0,0,0,0,0,0,1
15147,0,0,0,0,0,0,0,0,0,0,1
15149,0,0,0,0,0,0,0,0,0,0,1
15150,0,0,0,0,0,0,0,0,0,0,1
15152,0,0,0,0,0,0,0,0,0,0,1
15157,0,0,0,0,0,0,0,0,0,0,1
15159,0,0,0,0,0,0,0,0,0,0,1
15160,0,0,0,0,0,0,0,0,0,0,1
15163,0,0,0,0,0,0,0,0,0,0,1
15164,0,0,0,0,0,0,0,0,0,0,1
15165,0,0,0,0,0,0,0,0,0,0,1
15167,0,0,0,0,0,0,0,0,0,0,1
15171,0,0,0,0,0,0,0,0,0,0,1
15172,0,0,0,0,0,0,0,0,0,0,1
15174,0,0,0,0,0,0,0,0,0,0,1
15178,0,0,0,0,0,0,0,0,0,0,1
15179,0,0,0,0,0,0,0,0,0,0,1
15180,0,0,0,0,0,0,0,0,0,0,1
15181,0,0,0,0,0,0,0,0,0,0,1
15182,0,0,0,0,0,0,0,0,0,0,1
15184,0,0,0,0,0,0,0,0,0,0,1
15186,0,0,0,0,0,0,0,0,0,0,1
15187,0,0,0,0,0,0,0,0,0,0,1
15189,0,0,0,0,0,0,0,0,0,0,1
15192,0,0,0,0,0,0,0,0,0,0,1
15194,0,0,0,0,0,0,0,0,0,0,1
15197,0,0,0,0,0,0,0,0,0,0,1
15198,0,0,0,0,0,0,0,0,0,0,1
15199,0,0,0,0,0,0,0,0,0,0,1
15201,0,0,0,0,0,0,0,0,0,0,1
15203,0,0,0,0,0,0,0,0,0,0,1
15204,0,0,0,0,0,0,0,0,0,0,1
15205,0,0,0,0,0,0,0,0,0,0,1
15206,0,0,0,0,0,0,0,0,0,0,1
15208,0,0,0,0,0,0,0,0,0,0,1
15210,0,0,0,0,0,0,0,0,0,0,1
15211,0,0,0,0,0,0,0,0,0,0,1
15212,0,0,0,0,0,0,0,0,0,0,1
15213,0,0,0,0,0,0,0,0,0,0,1
15214,0,0,0,0,0,0,0,0,0,0,1
15215,0,0,0,0,0,0,0,0,0,0,1
15218,0,0,0,0,0,0,0,0,0,0,1
15219,0,0,0,0,0,0,0,0,0,0,1
15220,0,0,0,0,0,0,0,0,0,0,1
15221,0,0,0,0,0,0,0,0,0,0,1
15222,0,0,0,0,0,0,0,0,0,0,1
15223,0,0,0,0,0,0,0,0,0,0,1
15224,0,0,0,0,0,0,0,0,0,0,1
15225,0,0,0,0,0,0,0,0,0,0,1
15226,0,0,0,0,0,0,0,0,0,0,1
15227,0,0,0,0,0,0,0,0,0,0,1
15228,0,0,0,0,0,0,0,0,0,0,1
15230,0,0,0,0,0,0,0,0,0,0,1
15232,0,0,0,0,0,0,0,0,0,0,1
15234,0,0,0,0,0,0,0,0,0,0,1
15235,0,0,0,0,0,0,0,0,0,0,1
15236,0,0,0,0,0,0,0,0,0,0,1
15237,0,0,0,0,0,0,0,0,0,0,1
15238,0,0,0,0,0,0,0,0,0,0,1
15240,0,0,0,0,0,0,0,0,0,0,1
15241,0,0,0,0,0,0,0,0,0,0,1
15244,0,0,0,0,0,0,0,0,0,0,1
15245,0,0,0,0,0,0,0,0,0,0,1
15246,0,0,0,0,0,0,0,0,0,0,1
15247,0,0,0,0,0,0,0,0,0,0,1
15249,0,0,0,0,0,0,0,0,0,0,1
15251,0,0,0,0,0,0,0,0,0,0,1
15252,0,0,0,0,0,0,0,0,0,0,1
15253,0,0,0,0,0,0,0,0,0,0,1
15254,0,0,0,0,0,0,0,0,0,0,1
15256,0,0,0,0,0,0,0,0,0,0,1
15257,0,0,0,0,0,0,0,0,0,0,1
15258,0,0,0,0,0,0,0,0,0,0,1
15260,0,0,0,0,0,0,0,0,0,0,1
15261,0,0,0,0,0,0,0,0,0,0,1
15262,0,0,0,0,0,0,0,0,0,0,1
15263,0,0,0,0,0,0,0,0,0,0,1
15265,0,0,0,0,0,0,0,0,0,0,1
15266,0,0,0,0,0,0,0,0,0,0,1
15267,0,0,0,0,0,0,0,0,0,0,1
15270,0,0,0,0,0,0,0,0,0,0,1
15271,0,0,0,0,0,0,0,0,0,0,1
15279,0,0,0,0,0,0,0,0,0,0,1
15280,0,0,0,0,0,0,0,0,0,0,1
15281,0,0,0,0,0,0,0,0,0,0,1
15288,0,0,0,0,0,0,0,0,0,0,1
15289,0,0,0,0,0,0,0,0,0,0,1
15290,0,0,0,0,0,0,0,0,0,0,1
15291,0,0,0,0,0,0,0,0,0,0,1
15292,0,0,0,0,0,0,0,0,0,0,1
15296,0,0,0,0,0,0,0,0,0,0,1
15298,0,0,0,0,0,0,0,0,0,0,1
15299,0,0,0,0,0,0,0,0,0,0,1
15301,0,0,0,0,0,0,0,0,0,0,1
15303,0,0,0,0,0,0,0,0,0,0,1
15304,0,0,0,0,0,0,0,0,0,0,1
15306,0,0,0,0,0,0,0,0,0,0,1
15308,0,0,0,0,0,0,0,0,0,0,1
15311,0,0,0,0,0,0,0,0,0,0,1
15312,0,0,0,0,0,0,0,0,0,0,1
15313,0,0,0,0,0,0,0,0,0,0,1
15314,0,0,0,0,0,0,0,0,0,0,1
15315,0,0,0,0,0,0,0,0,0,0,1
15316,0,0,0,0,0,0,0,0,0,0,1
15319,0,0,0,0,0,0,0,0,0,0,1
15321,0,0,0,0,0,0,0,0,0,0,1
15325,0,0,0,0,0,0,0,0,0,0,1
15326,0,0,0,0,0,0,0,0,0,0,1
15329,0,0,0,0,0,0,0,0,0,0,1
15333,0,0,0,0,0,0,0,0,0,0,1
15334,0,0,0,0,0,0,0,0,0,0,1
15339,0,0,0,0,0,0,0,0,0,0,1
15342,0,0,0,0,0,0,0,0,0,0,1
15346,0,0,0,0,0,0,0,0,0,0,1
15347,0,0,0,0,0,0,0,0,0,0,1
15349,0,0,0,0,0,0,0,0,0,0,1
15350,0,0,0,0,0,0,0,0,0,0,1
15351,0,0,0,0,0,0,0,0,0,0,1
15353,0,0,0,0,0,0,0,0,0,0,1
15356,0,0,0,0,0,0,0,0,0,0,1
15358,0,0,0,0,0,0,0,0,0,0,1
15361,0,0,0,0,0,0,0,0,0,0,1
15363,0,0,0,0,0,0,0,0,0,0,1
15364,0,0,0,0,0,0,0,0,0,0,1
15365,0,0,0,0,0,0,0,0,0,0,1
15366,0,0,0,0,0,0,0,0,0,0,1
15367,0,0,0,0,0,0,0,0,0,0,1
15370,0,0,0,0,0,0,0,0,0,0,1
15372,0,0,0,0,0,0,0,0,0,0,1
15373,0,0,0,0,0,0,0,0,0,0,1
15374,0,0,0,0,0,0,0,0,0,0,1
15376,0,0,0,0,0,0,0,0,0,0,1
15379,0,0,0,0,0,0,0,0,0,0,1
15380,0,0,0,0,0,0,0,0,0,0,1
15381,0,0,0,0,0,0,0,0,0,0,1
15382,0,0,0,0,0,0,0,0,0,0,1
15384,0,0,0,0,0,0,0,0,0,0,1
15386,0,0,0,0,0,0,0,0,0,0,1
15389,0,0,0,0,0,0,0,0,0,0,1
15392,0,0,0,0,0,0,0,0,0,0,1
15393,0,0,0,0,0,0,0,0,0,0,1
15394,0,0,0,0,0,0,0,0,0,0,1
15395,0,0,0,0,0,0,0,0,0,0,1
15396,0,0,0,0,0,0,0,0,0,0,1
15397,0,0,0,0,0,0,0,0,0,0,1
15400,0,0,0,0,0,0,0,0,0,0,1
15402,0,0,0,0,0,0,0,0,0,0,1
15405,0,0,0,0,0,0,0,0,0,0,1
15406,0,0,0,0,0,0,0,0,0,0,1
15407,0,0,0,0,0,0,0,0,0,0,1
15408,0,0,0,0,0,0,0,0,0,0,1
15410,0,0,0,0,0,0,0,0,0,0,1
15411,0,0,0,0,0,0,0,0,0,0,1
15412,0,0,0,0,0,0,0,0,0,0,1
15414,0,0,0,0,0,0,0,0,0,0,1
15415,0,0,0,0,0,0,0,0,0,0,1
15416,0,0,0,0,0,0,0,0,0,0,1
15421,0,0,0,0,0,0,0,0,0,0,1
15422,0,0,0,0,0,0,0,0,0,0,1
15424,0,0,0,0,0,0,0,0,0,0,1
15426,0,0,0,0,0,0,0,0,0,0,1
15433,0,0,0,0,0,0,0,0,0,0,1
15434,0,0,0,0,0,0,0,0,0,0,1
15436,0,0,0,0,0,0,0,0,0,0,1
15437,0,0,0,0,0,0,0,0,0,0,1
15438,0,0,0,0,0,0,0,0,0,0,1
15440,0,0,0,0,0,0,0,0,0,0,1
15442,0,0,0,0,0,0,0,0,0,0,1
15443,0,0,0,0,0,0,0,0,0,0,1
15445,0,0,0,0,0,0,0,0,0,0,1
15447,0,0,0,0,0,0,0,0,0,0,1
15448,0,0,0,0,0,0,0,0,0,0,1
15449,0,0,0,0,0,0,0,0,0,0,1
15452,0,0,0,0,0,0,0,0,0,0,1
15453,0,0,0,0,0,0,0,0,0,0,1
15454,0,0,0,0,0,0,0,0,0,0,1
15456,0,0,0,0,0,0,0,0,0,0,1
15457,0,0,0,0,0,0,0,0,0,0,1
15460,0,0,0,0,0,0,0,0,0,0,1
15462,0,0,0,0,0,0,0,0,0,0,1
15464,0,0,0,0,0,0,0,0,0,0,1
15465,0,0,0,0,0,0,0,0,0,0,1
15467,0,0,0,0,0,0,0,0,0,0,1
15468,0,0,0,0,0,0,0,0,0,0,1
15469,0,0,0,0,0,0,0,0,0,0,1
15472,0,0,0,0,0,0,0,0,0,0,1
15482,0,0,0,0,0,0,0,0,0,0,1
15483,0,0,0,0,0,0,0,0,0,0,1
15485,0,0,0,0,0,0,0,0,0,0,1
15489,0,0,0,0,0,0,0,0,0,0,1
15491,0,0,0,0,0,0,0,0,0,0,1
15493,0,0,0,0,0,0,0,0,0,0,1
15494,0,0,0,0,0,0,0,0,0,0,1
15497,0,0,0,0,0,0,0,0,0,0,1
15498,0,0,0,0,0,0,0,0,0,0,1
15502,0,0,0,0,0,0,0,0,0,0,1
15503,0,0,0,0,0,0,0,0,0,0,1
15505,0,0,0,0,0,0,0,0,0,0,1
15506,0,0,0,0,0,0,0,0,0,0,1
15507,0,0,0,0,0,0,0,0,0,0,1
15508,0,0,0,0,0,0,0,0,0,0,1
15510,0,0,0,0,0,0,0,0,0,0,1
15512,0,0,0,0,0,0,0,0,0,0,1
15513,0,0,0,0,0,0,0,0,0,0,1
15514,0,0,0,0,0,0,0,0,0,0,1
15517,0,0,0,0,0,0,0,0,0,0,1
15518,0,0,0,0,0,0,0,0,0,0,1
15521,0,0,0,0,0,0,0,0,0,0,1
15525,0,0,0,0,0,0,0,0,0,0,1
15527,0,0,0,0,0,0,0,0,0,0,1
15528,0,0,0,0,0,0,0,0,0,0,1
15529,0,0,0,0,0,0,0,0,0,0,1
15530,0,0,0,0,0,0,0,0,0,0,1
15532,0,0,0,0,0,0,0,0,0,0,1
15535,0,0,0,0,0,0,0,0,0,0,1
15537,0,0,0,0,0,0,0,0,0,0,1
15541,0,0,0,0,0,0,0,0,0,0,1
15543,0,0,0,0,0,0,0,0,0,0,1
15544,0,0,0,0,0,0,0,0,0,0,1
15545,0,0,0,0,0,0,0,0,0,0,1
15547,0,0,0,0,0,0,0,0,0,0,1
15549,0,0,0,0,0,0,0,0,0,0,1
15550,0,0,0,0,0,0,0,0,0,0,1
15552,0,0,0,0,0,0,0,0,0,0,1
15554,0,0,0,0,0,0,0,0,0,0,1
15555,0,0,0,0,0,0,0,0,0,0,1
15561,0,0,0,0,0,0,0,0,0,0,1
15562,0,0,0,0,0,0,0,0,0,0,1
15563,0,0,0,0,0,0,0,0,0,0,1
15569,0,0,0,0,0,0,0,0,0,0,1
15570,0,0,0,0,0,0,0,0,0,0,1
15572,0,0,0,0,0,0,0,0,0,0,1
15574,0,0,0,0,0,0,0,0,0,0,1
15577,0,0,0,0,0,0,0,0,0,0,1
15578,0,0,0,0,0,0,0,0,0,0,1
15579,0,0,0,0,0,0,0,0,0,0,1
15581,0,0,0,0,0,0,0,0,0,0,1
15582,0,0,0,0,0,0,0,0,0,0,1
15584,0,0,0,0,0,0,0,0,0,0,1
15585,0,0,0,0,0,0,0,0,0,0,1
15587,0,0,0,0,0,0,0,0,0,0,1
15589,0,0,0,0,0,0,0,0,0,0,1
15594,0,0,0,0,0,0,0,0,0,0,1
15596,0,0,0,0,0,0,0,0,0,0,1
15599,0,0,0,0,0,0,0,0,0,0,1
15601,0,0,0,0,0,0,0,0,0,0,1
15602,0,0,0,0,0,0,0,0,0,0,1
15605,0,0,0,0,0,0,0,0,0,0,1
15606,0,0,0,0,0,0,0,0,0,0,1
15607,0,0,0,0,0,0,0,0,0,0,1
15608,0,0,0,0,0,0,0,0,0,0,1
15609,0,0,0,0,0,0,0,0,0,0,1
15611,0,0,0,0,0,0,0,0,0,0,1
15615,0,0,0,0,0,0,0,0,0,0,1
15618,0,0,0,0,0,0,0,0,0,0,1
15620,0,0,0,0,0,0,0,0,0,0,1
15622,0,0,0,0,0,0,0,0,0,0,1
15623,0,0,0,0,0,0,0,0,0,0,1
15624,0,0,0,0,0,0,0,0,0,0,1
15625,0,0,0,0,0,0,0,0,0,0,1
15626,0,0,0,0,0,0,0,0,0,0,1
15628,0,0,0,0,0,0,0,0,0,0,1
15630,0,0,0,0,0,0,0,0,0,0,1
15632,0,0,0,0,0,0,0,0,0,0,1
15636,0,0,0,0,0,0,0,0,0,0,1
15638,0,0,0,0,0,0,0,0,0,0,1
15639,0,0,0,0,0,0,0,0,0,0,1
15640,0,0,0,0,0,0,0,0,0,0,1
15641,0,0,0,0,0,0,0,0,0,0,1
15643,0,0,0,0,0,0,0,0,0,0,1
15644,0,0,0,0,0,0,0,0,0,0,1
15646,0,0,0,0,0,0,0,0,0,0,1
15648,0,0,0,0,0,0,0,0,0,0,1
15649,0,0,0,0,0,0,0,0,0,0,1
15651,0,0,0,0,0,0,0,0,0,0,1
15653,0,0,0,0,0,0,0,0,0,0,1
15655,0,0,0,0,0,0,0,0,0,0,1
15656,0,0,0,0,0,0,0,0,0,0,1
15658,0,0,0,0,0,0,0,0,0,0,1
15660,0,0,0,0,0,0,0,0,0,0,1
15661,0,0,0,0,0,0,0,0,0,0,1
15663,0,0,0,0,0,0,0,0,0,0,1
15664,0,0,0,0,0,0,0,0,0,0,1
15665,0,0,0,0,0,0,0,0,0,0,1
15668,0,0,0,0,0,0,0,0,0,0,1
15669,0,0,0,0,0,0,0,0,0,0,1
15670,0,0,0,0,0,0,0,0,0,0,1
15671,0,0,0,0,0,0,0,0,0,0,1
15673,0,0,0,0,0,0,0,0,0,0,1
15674,0,0,0,0,0,0,0,0,0,0,1
15675,0,0,0,0,0,0,0,0,0,0,1
15676,0,0,0,0,0,0,0,0,0,0,1
15679,0,0,0,0,0,0,0,0,0,0,1
15680,0,0,0,0,0,0,0,0,0,0,1
15681,0,0,0,0,0,0,0,0,0,0,1
15683,0,0,0,0,0,0,0,0,0,0,1
15687,0,0,0,0,0,0,0,0,0,0,1
15689,0,0,0,0,0,0,0,0,0,0,1
15691,0,0,0,0,0,0,0,0,0,0,1
15694,0,0,0,0,0,0,0,0,0,0,1
15695,0,0,0,0,0,0,0,0,0,0,1
15696,0,0,0,0,0,0,0,0,0,0,1
15700,0,0,0,0,0,0,0,0,0,0,1
15701,0,0,0,0,0,0,0,0,0,0,1
15703,0,0,0,0,0,0,0,0,0,0,1
15704,0,0,0,0,0,0,0,0,0,0,1
15705,0,0,0,0,0,0,0,0,0,0,1
15706,0,0,0,0,0,0,0,0,0,0,1
15708,0,0,0,0,0,0,0,0,0,0,1
15709,0,0,0,0,0,0,0,0,0,0,1
15712,0,0,0,0,0,0,0,0,0,0,1
15713,0,0,0,0,0,0,0,0,0,0,1
15716,0,0,0,0,0,0,0,0,0,0,1
15717,0,0,0,0,0,0,0,0,0,0,1
15719,0,0,0,0,0,0,0,0,0,0,1
15722,0,0,0,0,0,0,0,0,0,0,1
15723,0,0,0,0,0,0,0,0,0,0,1
15724,0,0,0,0,0,0,0,0,0,0,1
15727,0,0,0,0,0,0,0,0,0,0,1
15729,0,0,0,0,0,0,0,0,0,0,1
15730,0,0,0,0,0,0,0,0,0,0,1
15732,0,0,0,0,0,0,0,0,0,0,1
15733,0,0,0,0,0,0,0,0,0,0,1
15734,0,0,0,0,0,0,0,0,0,0,1
15737,0,0,0,0,0,0,0,0,0,0,1
15738,0,0,0,0,0,0,0,0,0,0,1
15743,0,0,0,0,0,0,0,0,0,0,1
15745,0,0,0,0,0,0,0,0,0,0,1
15746,0,0,0,0,0,0,0,0,0,0,1
15747,0,0,0,0,0,0,0,0,0,0,1
15749,0,0,0,0,0,0,0,0,0,0,1
15750,0,0,0,0,0,0,0,0,0,0,1
15752,0,0,0,0,0,0,0,0,0,0,1
15753,0,0,0,0,0,0,0,0,0,0,1
15754,0,0,0,0,0,0,0,0,0,0,1
15755,0,0,0,0,0,0,0,0,0,0,1
15756,0,0,0,0,0,0,0,0,0,0,1
15757,0,0,0,0,0,0,0,0,0,0,1
15759,0,0,0,0,0,0,0,0,0,0,1
15764,0,0,0,0,0,0,0,0,0,0,1
15768,0,0,0,0,0,0,0,0,0,0,1
15769,0,0,0,0,0,0,0,0,0,0,1
15775,0,0,0,0,0,0,0,0,0,0,1
15776,0,0,0,0,0,0,0,0,0,0,1
15777,0,0,0,0,0,0,0,0,0,0,1
15780,0,0,0,0,0,0,0,0,0,0,1
15781,0,0,0,0,0,0,0,0,0,0,1
15785,0,0,0,0,0,0,0,0,0,0,1
15786,0,0,0,0,0,0,0,0,0,0,1
15789,0,0,0,0,0,0,0,0,0,0,1
15791,0,0,0,0,0,0,0,0,0,0,1
15793,0,0,0,0,0,0,0,0,0,0,1
15795,0,0,0,0,0,0,0,0,0,0,1
15796,0,0,0,0,0,0,0,0,0,0,1
15797,0,0,0,0,0,0,0,0,0,0,1
15799,0,0,0,0,0,0,0,0,0,0,1
15800,0,0,0,0,0,0,0,0,0,0,1
15801,0,0,0,0,0,0,0,0,0,0,1
15804,0,0,0,0,0,0,0,0,0,0,1
15805,0,0,0,0,0,0,0,0,0,0,1
15806,0,0,0,0,0,0,0,0,0,0,1
15808,0,0,0,0,0,0,0,0,0,0,1
15809,0,0,0,0,0,0,0,0,0,0,1
15810,0,0,0,0,0,0,0,0,0,0,1
15811,0,0,0,0,0,0,0,0,0,0,1
15812,0,0,0,0,0,0,0,0,0,0,1
15813,0,0,0,0,0,0,0,0,0,0,1
15815,0,0,0,0,0,0,0,0,0,0,1
15819,0,0,0,0,0,0,0,0,0,0,1
15820,0,0,0,0,0,0,0,0,0,0,1
15822,0,0,0,0,0,0,0,0,0,0,1
15823,0,0,0,0,0,0,0,0,0,0,1
15825,0,0,0,0,0,0,0,0,0,0,1
15826,0,0,0,0,0,0,0,0,0,0,1
15827,0,0,0,0,0,0,0,0,0,0,1
15829,0,0,0,0,0,0,0,0,0,0,1
15831,0,0,0,0,0,0,0,0,0,0,1
15832,0,0,0,0,0,0,0,0,0,0,1
15834,0,0,0,0,0,0,0,0,0,0,1
15835,0,0,0,0,0,0,0,0,0,0,1
15838,0,0,0,0,0,0,0,0,0,0,1
15839,0,0,0,0,0,0,0,0,0,0,1
15840,0,0,0,0,0,0,0,0,0,0,1
15841,0,0,0,0,0,0,0,0,0,0,1
15843,0,0,0,0,0,0,0,0,0,0,1
15845,0,0,0,0,0,0,0,0,0,0,1
15847,0,0,0,0,0,0,0,0,0,0,1
15850,0,0,0,0,0,0,0,0,0,0,1
15852,0,0,0,0,0,0,0,0,0,0,1
15854,0,0,0,0,0,0,0,0,0,0,1
15855,0,0,0,0,0,0,0,0,0,0,1
15856,0,0,0,0,0,0,0,0,0,0,1
15858,0,0,0,0,0,0,0,0,0,0,1
15860,0,0,0,0,0,0,0,0,0,0,1
15861,0,0,0,0,0,0,0,0,0,0,1
15862,0,0,0,0,0,0,0,0,0,0,1
15863,0,0,0,0,0,0,0,0,0,0,1
15864,0,0,0,0,0,0,0,0,0,0,1
15865,0,0,0,0,0,0,0,0,0,0,1
15866,0,0,0,0,0,0,0,0,0,0,1
15867,0,0,0,0,0,0,0,0,0,0,1
15869,0,0,0,0,0,0,0,0,0,0,1
15874,0,0,0,0,0,0,0,0,0,0,1
15880,0,0,0,0,0,0,0,0,0,0,1
15881,0,0,0,0,0,0,0,0,0,0,1
15882,0,0,0,0,0,0,0,0,0,0,1
15889,0,0,0,0,0,0,0,0,0,0,1
15891,0,0,0,0,0,0,0,0,0,0,1
15894,0,0,0,0,0,0,0,0,0,0,1
15895,0,0,0,0,0,0,0,0,0,0,1
15897,0,0,0,0,0,0,0,0,0,0,1
15898,0,0,0,0,0,0,0,0,0,0,1
15899,0,0,0,0,0,0,0,0,0,0,1
15901,0,0,0,0,0,0,0,0,0,0,1
15903,0,0,0,0,0,0,0,0,0,0,1
15906,0,0,0,0,0,0,0,0,0,0,1
15907,0,0,0,0,0,0,0,0,0,0,1
15909,0,0,0,0,0,0,0,0,0,0,1
15910,0,0,0,0,0,0,0,0,0,0,1
15912,0,0,0,0,0,0,0,0,0,0,1
15916,0,0,0,0,0,0,0,0,0,0,1
15917,0,0,0,0,0,0,0,0,0,0,1
15918,0,0,0,0,0,0,0,0,0,0,1
15919,0,0,0,0,0,0,0,0,0,0,1
15920,0,0,0,0,0,0,0,0,0,0,1
15921,0,0,0,0,0,0,0,0,0,0,1
15922,0,0,0,0,0,0,0,0,0,0,1
15923,0,0,0,0,0,0,0,0,0,0,1
15925,0,0,0,0,0,0,0,0,0,0,1
15932,0,0,0,0,0,0,0,0,0,0,1
15935,0,0,0,0,0,0,0,0,0,0,1
15938,0,0,0,0,0,0,0,0,0,0,1
15939,0,0,0,0,0,0,0,0,0,0,1
15940,0,0,0,0,0,0,0,0,0,0,1
15942,0,0,0,0,0,0,0,0,0,0,1
15944,0,0,0,0,0,0,0,0,0,0,1
15945,0,0,0,0,0,0,0,0,0,0,1
15950,0,0,0,0,0,0,0,0,0,0,1
15951,0,0,0,0,0,0,0,0,0,0,1
15952,0,0,0,0,0,0,0,0,0,0,1
15953,0,0,0,0,0,0,0,0,0,0,1
15955,0,0,0,0,0,0,0,0,0,0,1
15965,0,0,0,0,0,0,0,0,0,0,1
15967,0,0,0,0,0,0,0,0,0,0,1
15969,0,0,0,0,0,0,0,0,0,0,1
15970,0,0,0,0,0,0,0,0,0,0,1
15971,0,0,0,0,0,0,0,0,0,0,1
15973,0,0,0,0,0,0,0,0,0,0,1
15974,0,0,0,0,0,0,0,0,0,0,1
15976,0,0,0,0,0,0,0,0,0,0,1
15980,0,0,0,0,0,0,0,0,0,0,1
15981,0,0,0,0,0,0,0,0,0,0,1
15983,0,0,0,0,0,0,0,0,0,0,1
15984,0,0,0,0,0,0,0,0,0,0,1
15985,0,0,0,0,0,0,0,0,0,0,1
15987,0,0,0,0,0,0,0,0,0,0,1
15990,0,0,0,0,0,0,0,0,0,0,1
15996,0,0,0,0,0,0,0,0,0,0,1
15998,0,0,0,0,0,0,0,0,0,0,1
16003,0,0,0,0,0,0,0,0,0,0,1
16005,0,0,0,0,0,0,0,0,0,0,1
16006,0,0,0,0,0,0,0,0,0,0,1
16007,0,0,0,0,0,0,0,0,0,0,1
16008,0,0,0,0,0,0,0,0,0,0,1
16009,0,0,0,0,0,0,0,0,0,0,1
16010,0,0,0,0,0,0,0,0,0,0,1
16011,0,0,0,0,0,0,0,0,0,0,1
16012,0,0,0,0,0,0,0,0,0,0,1
16013,0,0,0,0,0,0,0,0,0,0,1
16014,0,0,0,0,0,0,0,0,0,0,1
16016,0,0,0,0,0,0,0,0,0,0,1
16018,0,0,0,0,0,0,0,0,0,0,1
16019,0,0,0,0,0,0,0,0,0,0,1
16022,0,0,0,0,0,0,0,0,0,0,1
16023,0,0,0,0,0,0,0,0,0,0,1
16027,0,0,0,0,0,0,0,0,0,0,1
16029,0,0,0,0,0,0,0,0,0,0,1
16030,0,0,0,0,0,0,0,0,0,0,1
16031,0,0,0,0,0,0,0,0,0,0,1
16033,0,0,0,0,0,0,0,0,0,0,1
16034,0,0,0,0,0,0,0,0,0,0,1
16036,0,0,0,0,0,0,0,0,0,0,1
16037,0,0,0,0,0,0,0,0,0,0,1
16038,0,0,0,0,0,0,0,0,0,0,1
16040,0,0,0,0,0,0,0,0,0,0,1
16041,0,0,0,0,0,0,0,0,0,0,1
16042,0,0,0,0,0,0,0,0,0,0,1
16043,0,0,0,0,0,0,0,0,0,0,1
16045,0,0,0,0,0,0,0,0,0,0,1
16048,0,0,0,0,0,0,0,0,0,0,1
16050,0,0,0,0,0,0,0,0,0,0,1
16053,0,0,0,0,0,0,0,0,0,0,1
16054,0,0,0,0,0,0,0,0,0,0,1
16055,0,0,0,0,0,0,0,0,0,0,1
16057,0,0,0,0,0,0,0,0,0,0,1
16059,0,0,0,0,0,0,0,0,0,0,1
16061,0,0,0,0,0,0,0,0,0,0,1
16062,0,0,0,0,0,0,0,0,0,0,1
16063,0,0,0,0,0,0,0,0,0,0,1
16065,0,0,0,0,0,0,0,0,0,0,1
16066,0,0,0,0,0,0,0,0,0,0,1
16072,0,0,0,0,0,0,0,0,0,0,1
16073,0,0,0,0,0,0,0,0,0,0,1
16076,0,0,0,0,0,0,0,0,0,0,1
16078,0,0,0,0,0,0,0,0,0,0,1
16080,0,0,0,0,0,0,0,0,0,0,1
16081,0,0,0,0,0,0,0,0,0,0,1
16083,0,0,0,0,0,0,0,0,0,0,1
16084,0,0,0,0,0,0,0,0,0,0,1
16085,0,0,0,0,0,0,0,0,0,0,1
16086,0,0,0,0,0,0,0,0,0,0,1
16091,0,0,0,0,0,0,0,0,0,0,1
16092,0,0,0,0,0,0,0,0,0,0,1
16093,0,0,0,0,0,0,0,0,0,0,1
16094,0,0,0,0,0,0,0,0,0,0,1
16096,0,0,0,0,0,0,0,0,0,0,1
16097,0,0,0,0,0,0,0,0,0,0,1
16098,0,0,0,0,0,0,0,0,0,0,1
16099,0,0,0,0,0,0,0,0,0,0,1
16102,0,0,0,0,0,0,0,0,0,0,1
16103,0,0,0,0,0,0,0,0,0,0,1
16105,0,0,0,0,0,0,0,0,0,0,1
16107,0,0,0,0,0,0,0,0,0,0,1
16109,0,0,0,0,0,0,0,0,0,0,1
16110,0,0,0,0,0,0,0,0,0,0,1
16112,0,0,0,0,0,0,0,0,0,0,1
16113,0,0,0,0,0,0,0,0,0,0,1
16114,0,0,0,0,0,0,0,0,0,0,1
16115,0,0,0,0,0,0,0,0,0,0,1
16116,0,0,0,0,0,0,0,0,0,0,1
16117,0,0,0,0,0,0,0,0,0,0,1
16121,0,0,0,0,0,0,0,0,0,0,1
16122,0,0,0,0,0,0,0,0,0,0,1
16124,0,0,0,0,0,0,0,0,0,0,1
16125,0,0,0,0,0,0,0,0,0,0,1
16126,0,0,0,0,0,0,0,0,0,0,1
16128,0,0,0,0,0,0,0,0,0,0,1
16131,0,0,0,0,0,0,0,0,0,0,1
16133,0,0,0,0,0,0,0,0,0,0,1
16134,0,0,0,0,0,0,0,0,0,0,1
16135,0,0,0,0,0,0,0,0,0,0,1
16136,0,0,0,0,0,0,0,0,0,0,1
16138,0,0,0,0,0,0,0,0,0,0,1
16139,0,0,0,0,0,0,0,0,0,0,1
16140,0,0,0,0,0,0,0,0,0,0,1
16142,0,0,0,0,0,0,0,0,0,0,1
16143,0,0,0,0,0,0,0,0,0,0,1
16144,0,0,0,0,0,0,0,0,0,0,1
16145,0,0,0,0,0,0,0,0,0,0,1
16146,0,0,0,0,0,0,0,0,0,0,1
16147,0,0,0,0,0,0,0,0,0,0,1
16148,0,0,0,0,0,0,0,0,0,0,1
16149,0,0,0,0,0,0,0,0,0,0,1
16150,0,0,0,0,0,0,0,0,0,0,1
16152,0,0,0,0,0,0,0,0,0,0,1
16153,0,0,0,0,0,0,0,0,0,0,1
16156,0,0,0,0,0,0,0,0,0,0,1
16159,0,0,0,0,0,0,0,0,0,0,1
16161,0,0,0,0,0,0,0,0,0,0,1
16162,0,0,0,0,0,0,0,0,0,0,1
16163,0,0,0,0,0,0,0,0,0,0,1
16168,0,0,0,0,0,0,0,0,0,0,1
16170,0,0,0,0,0,0,0,0,0,0,1
16172,0,0,0,0,0,0,0,0,0,0,1
16174,0,0,0,0,0,0,0,0,0,0,1
16175,0,0,0,0,0,0,0,0,0,0,1
16178,0,0,0,0,0,0,0,0,0,0,1
16180,0,0,0,0,0,0,0,0,0,0,1
16182,0,0,0,0,0,0,0,0,0,0,1
16184,0,0,0,0,0,0,0,0,0,0,1
16185,0,0,0,0,0,0,0,0,0,0,1
16186,0,0,0,0,0,0,0,0,0,0,1
16187,0,0,0,0,0,0,0,0,0,0,1
16188,0,0,0,0,0,0,0,0,0,0,1
16191,0,0,0,0,0,0,0,0,0,0,1
16193,0,0,0,0,0,0,0,0,0,0,1
16200,0,0,0,0,0,0,0,0,0,0,1
16201,0,0,0,0,0,0,0,0,0,0,1
16202,0,0,0,0,0,0,0,0,0,0,1
16203,0,0,0,0,0,0,0,0,0,0,1
16205,0,0,0,0,0,0,0,0,0,0,1
16206,0,0,0,0,0,0,0,0,0,0,1
16208,0,0,0,0,0,0,0,0,0,0,1
16209,0,0,0,0,0,0,0,0,0,0,1
16210,0,0,0,0,0,0,0,0,0,0,1
16212,0,0,0,0,0,0,0,0,0,0,1
16214,0,0,0,0,0,0,0,0,0,0,1
16216,0,0,0,0,0,0,0,0,0,0,1
16217,0,0,0,0,0,0,0,0,0,0,1
16218,0,0,0,0,0,0,0,0,0,0,1
16221,0,0,0,0,0,0,0,0,0,0,1
16222,0,0,0,0,0,0,0,0,0,0,1
16224,0,0,0,0,0,0,0,0,0,0,1
16225,0,0,0,0,0,0,0,0,0,0,1
16226,0,0,0,0,0,0,0,0,0,0,1
16227,0,0,0,0,0,0,0,0,0,0,1
16229,0,0,0,0,0,0,0,0,0,0,1
16230,0,0,0,0,0,0,0,0,0,0,1
16232,0,0,0,0,0,0,0,0,0,0,1
16233,0,0,0,0,0,0,0,0,0,0,1
16235,0,0,0,0,0,0,0,0,0,0,1
16239,0,0,0,0,0,0,0,0,0,0,1
16241,0,0,0,0,0,0,0,0,0,0,1
16242,0,0,0,0,0,0,0,0,0,0,1
16244,0,0,0,0,0,0,0,0,0,0,1
16245,0,0,0,0,0,0,0,0,0,0,1
16247,0,0,0,0,0,0,0,0,0,0,1
16249,0,0,0,0,0,0,0,0,0,0,1
16250,0,0,0,0,0,0,0,0,0,0,1
16252,0,0,0,0,0,0,0,0,0,0,1
16253,0,0,0,0,0,0,0,0,0,0,1
16255,0,0,0,0,0,0,0,0,0,0,1
16256,0,0,0,0,0,0,0,0,0,0,1
16257,0,0,0,0,0,0,0,0,0,0,1
16258,0,0,0,0,0,0,0,0,0,0,1
16261,0,0,0,0,0,0,0,0,0,0,1
16262,0,0,0,0,0,0,0,0,0,0,1
16265,0,0,0,0,0,0,0,0,0,0,1
16266,0,0,0,0,0,0,0,0,0,0,1
16270,0,0,0,0,0,0,0,0,0,0,1
16271,0,0,0,0,0,0,0,0,0,0,1
16272,0,0,0,0,0,0,0,0,0,0,1
16274,0,0,0,0,0,0,0,0,0,0,1
16275,0,0,0,0,0,0,0,0,0,0,1
16276,0,0,0,0,0,0,0,0,0,0,1
16279,0,0,0,0,0,0,0,0,0,0,1
16282,0,0,0,0,0,0,0,0,0,0,1
16283,0,0,0,0,0,0,0,0,0,0,1
16287,0,0,0,0,0,0,0,0,0,0,1
16292,0,0,0,0,0,0,0,0,0,0,1
16293,0,0,0,0,0,0,0,0,0,0,1
16297,0,0,0,0,0,0,0,0,0,0,1
16298,0,0,0,0,0,0,0,0,0,0,1
16302,0,0,0,0,0,0,0,0,0,0,1
16303,0,0,0,0,0,0,0,0,0,0,1
16305,0,0,0,0,0,0,0,0,0,0,1
16306,0,0,0,0,0,0,0,0,0,0,1
16308,0,0,0,0,0,0,0,0,0,0,1
16309,0,0,0,0,0,0,0,0,0,0,1
16315,0,0,0,0,0,0,0,0,0,0,1
16316,0,0,0,0,0,0,0,0,0,0,1
16317,0,0,0,0,0,0,0,0,0,0,1
16319,0,0,0,0,0,0,0,0,0,0,1
16323,0,0,0,0,0,0,0,0,0,0,1
16324,0,0,0,0,0,0,0,0,0,0,1
16325,0,0,0,0,0,0,0,0,0,0,1
16326,0,0,0,0,0,0,0,0,0,0,1
16327,0,0,0,0,0,0,0,0,0,0,1
16330,0,0,0,0,0,0,0,0,0,0,1
16332,0,0,0,0,0,0,0,0,0,0,1
16333,0,0,0,0,0,0,0,0,0,0,1
16338,0,0,0,0,0,0,0,0,0,0,1
16339,0,0,0,0,0,0,0,0,0,0,1
16340,0,0,0,0,0,0,0,0,0,0,1
16341,0,0,0,0,0,0,0,0,0,0,1
16342,0,0,0,0,0,0,0,0,0,0,1
16344,0,0,0,0,0,0,0,0,0,0,1
16348,0,0,0,0,0,0,0,0,0,0,1
16349,0,0,0,0,0,0,0,0,0,0,1
16350,0,0,0,0,0,0,0,0,0,0,1
16351,0,0,0,0,0,0,0,0,0,0,1
16353,0,0,0,0,0,0,0,0,0,0,1
16356,0,0,0,0,0,0,0,0,0,0,1
16357,0,0,0,0,0,0,0,0,0,0,1
16358,0,0,0,0,0,0,0,0,0,0,1
16359,0,0,0,0,0,0,0,0,0,0,1
16364,0,0,0,0,0,0,0,0,0,0,1
16365,0,0,0,0,0,0,0,0,0,0,1
16367,0,0,0,0,0,0,0,0,0,0,1
16369,0,0,0,0,0,0,0,0,0,0,1
16370,0,0,0,0,0,0,0,0,0,0,1
16374,0,0,0,0,0,0,0,0,0,0,1
16377,0,0,0,0,0,0,0,0,0,0,1
16378,0,0,0,0,0,0,0,0,0,0,1
16383,0,0,0,0,0,0,0,0,0,0,1
16384,0,0,0,0,0,0,0,0,0,0,1
16385,0,0,0,0,0,0,0,0,0,0,1
16386,0,0,0,0,0,0,0,0,0,0,1
16387,0,0,0,0,0,0,0,0,0,0,1
16389,0,0,0,0,0,0,0,0,0,0,1
16392,0,0,0,0,0,0,0,0,0,0,1
16393,0,0,0,0,0,0,0,0,0,0,1
16394,0,0,0,0,0,0,0,0,0,0,1
16395,0,0,0,0,0,0,0,0,0,0,1
16398,0,0,0,0,0,0,0,0,0,0,1
16399,0,0,0,0,0,0,0,0,0,0,1
16401,0,0,0,0,0,0,0,0,0,0,1
16402,0,0,0,0,0,0,0,0,0,0,1
16403,0,0,0,0,0,0,0,0,0,0,1
16405,0,0,0,0,0,0,0,0,0,0,1
16407,0,0,0,0,0,0,0,0,0,0,1
16409,0,0,0,0,0,0,0,0,0,0,1
16411,0,0,0,0,0,0,0,0,0,0,1
16414,0,0,0,0,0,0,0,0,0,0,1
16418,0,0,0,0,0,0,0,0,0,0,1
16419,0,0,0,0,0,0,0,0,0,0,1
16422,0,0,0,0,0,0,0,0,0,0,1
16424,0,0,0,0,0,0,0,0,0,0,1
16425,0,0,0,0,0,0,0,0,0,0,1
16426,0,0,0,0,0,0,0,0,0,0,1
16427,0,0,0,0,0,0,0,0,0,0,1
16429,0,0,0,0,0,0,0,0,0,0,1
16431,0,0,0,0,0,0,0,0,0,0,1
16434,0,0,0,0,0,0,0,0,0,0,1
16440,0,0,0,0,0,0,0,0,0,0,1
16441,0,0,0,0,0,0,0,0,0,0,1
16442,0,0,0,0,0,0,0,0,0,0,1
16444,0,0,0,0,0,0,0,0,0,0,1
16446,0,0,0,0,0,0,0,0,0,0,1
16447,0,0,0,0,0,0,0,0,0,0,1
16448,0,0,0,0,0,0,0,0,0,0,1
16449,0,0,0,0,0,0,0,0,0,0,1
16450,0,0,0,0,0,0,0,0,0,0,1
16455,0,0,0,0,0,0,0,0,0,0,1
16456,0,0,0,0,0,0,0,0,0,0,1
16457,0,0,0,0,0,0,0,0,0,0,1
16458,0,0,0,0,0,0,0,0,0,0,1
16461,0,0,0,0,0,0,0,0,0,0,1
16462,0,0,0,0,0,0,0,0,0,0,1
16463,0,0,0,0,0,0,0,0,0,0,1
16464,0,0,0,0,0,0,0,0,0,0,1
16466,0,0,0,0,0,0,0,0,0,0,1
16469,0,0,0,0,0,0,0,0,0,0,1
16470,0,0,0,0,0,0,0,0,0,0,1
16471,0,0,0,0,0,0,0,0,0,0,1
16473,0,0,0,0,0,0,0,0,0,0,1
16474,0,0,0,0,0,0,0,0,0,0,1
16475,0,0,0,0,0,0,0,0,0,0,1
16477,0,0,0,0,0,0,0,0,0,0,1
16483,0,0,0,0,0,0,0,0,0,0,1
16484,0,0,0,0,0,0,0,0,0,0,1
16488,0,0,0,0,0,0,0,0,0,0,1
16493,0,0,0,0,0,0,0,0,0,0,1
16494,0,0,0,0,0,0,0,0,0,0,1
16495,0,0,0,0,0,0,0,0,0,0,1
16496,0,0,0,0,0,0,0,0,0,0,1
16497,0,0,0,0,0,0,0,0,0,0,1
16498,0,0,0,0,0,0,0,0,0,0,1
16499,0,0,0,0,0,0,0,0,0,0,1
16500,0,0,0,0,0,0,0,0,0,0,1
16503,0,0,0,0,0,0,0,0,0,0,1
16509,0,0,0,0,0,0,0,0,0,0,1
16510,0,0,0,0,0,0,0,0,0,0,1
16511,0,0,0,0,0,0,0,0,0,0,1
16515,0,0,0,0,0,0,0,0,0,0,1
16517,0,0,0,0,0,0,0,0,0,0,1
16518,0,0,0,0,0,0,0,0,0,0,1
16519,0,0,0,0,0,0,0,0,0,0,1
16520,0,0,0,0,0,0,0,0,0,0,1
16523,0,0,0,0,0,0,0,0,0,0,1
16525,0,0,0,0,0,0,0,0,0,0,1
16526,0,0,0,0,0,0,0,0,0,0,1
16529,0,0,0,0,0,0,0,0,0,0,1
16531,0,0,0,0,0,0,0,0,0,0,1
16532,0,0,0,0,0,0,0,0,0,0,1
16536,0,0,0,0,0,0,0,0,0,0,1
16539,0,0,0,0,0,0,0,0,0,0,1
16545,0,0,0,0,0,0,0,0,0,0,1
16546,0,0,0,0,0,0,0,0,0,0,1
16549,0,0,0,0,0,0,0,0,0,0,1
16550,0,0,0,0,0,0,0,0,0,0,1
16551,0,0,0,0,0,0,0,0,0,0,1
16552,0,0,0,0,0,0,0,0,0,0,1
16553,0,0,0,0,0,0,0,0,0,0,1
16554,0,0,0,0,0,0,0,0,0,0,1
16555,0,0,0,0,0,0,0,0,0,0,1
16556,0,0,0,0,0,0,0,0,0,0,1
16557,0,0,0,0,0,0,0,0,0,0,1
16558,0,0,0,0,0,0,0,0,0,0,1
16560,0,0,0,0,0,0,0,0,0,0,1
16565,0,0,0,0,0,0,0,0,0,0,1
16566,0,0,0,0,0,0,0,0,0,0,1
16567,0,0,0,0,0,0,0,0,0,0,1
16570,0,0,0,0,0,0,0,0,0,0,1
16571,0,0,0,0,0,0,0,0,0,0,1
16572,0,0,0,0,0,0,0,0,0,0,1
16573,0,0,0,0,0,0,0,0,0,0,1
16579,0,0,0,0,0,0,0,0,0,0,1
16581,0,0,0,0,0,0,0,0,0,0,1
16582,0,0,0,0,0,0,0,0,0,0,1
16583,0,0,0,0,0,0,0,0,0,0,1
16584,0,0,0,0,0,0,0,0,0,0,1
16586,0,0,0,0,0,0,0,0,0,0,1
16587,0,0,0,0,0,0,0,0,0,0,1
16589,0,0,0,0,0,0,0,0,0,0,1
16592,0,0,0,0,0,0,0,0,0,0,1
16593,0,0,0,0,0,0,0,0,0,0,1
16596,0,0,0,0,0,0,0,0,0,0,1
16598,0,0,0,0,0,0,0,0,0,0,1
16600,0,0,0,0,0,0,0,0,0,0,1
16607,0,0,0,0,0,0,0,0,0,0,1
16609,0,0,0,0,0,0,0,0,0,0,1
16610,0,0,0,0,0,0,0,0,0,0,1
16611,0,0,0,0,0,0,0,0,0,0,1
16612,0,0,0,0,0,0,0,0,0,0,1
16614,0,0,0,0,0,0,0,0,0,0,1
16616,0,0,0,0,0,0,0,0,0,0,1
16617,0,0,0,0,0,0,0,0,0,0,1
16618,0,0,0,0,0,0,0,0,0,0,1
16619,0,0,0,0,0,0,0,0,0,0,1
16620,0,0,0,0,0,0,0,0,0,0,1
16621,0,0,0,0,0,0,0,0,0,0,1
16623,0,0,0,0,0,0,0,0,0,0,1
16624,0,0,0,0,0,0,0,0,0,0,1
16625,0,0,0,0,0,0,0,0,0,0,1
16626,0,0,0,0,0,0,0,0,0,0,1
16628,0,0,0,0,0,0,0,0,0,0,1
16633,0,0,0,0,0,0,0,0,0,0,1
16634,0,0,0,0,0,0,0,0,0,0,1
16637,0,0,0,0,0,0,0,0,0,0,1
16638,0,0,0,0,0,0,0,0,0,0,1
16639,0,0,0,0,0,0,0,0,0,0,1
16641,0,0,0,0,0,0,0,0,0,0,1
16642,0,0,0,0,0,0,0,0,0,0,1
16643,0,0,0,0,0,0,0,0,0,0,1
16644,0,0,0,0,0,0,0,0,0,0,1
16647,0,0,0,0,0,0,0,0,0,0,1
16652,0,0,0,0,0,0,0,0,0,0,1
16654,0,0,0,0,0,0,0,0,0,0,1
16655,0,0,0,0,0,0,0,0,0,0,1
16656,0,0,0,0,0,0,0,0,0,0,1
16657,0,0,0,0,0,0,0,0,0,0,1
16658,0,0,0,0,0,0,0,0,0,0,1
16659,0,0,0,0,0,0,0,0,0,0,1
16660,0,0,0,0,0,0,0,0,0,0,1
16665,0,0,0,0,0,0,0,0,0,0,1
16667,0,0,0,0,0,0,0,0,0,0,1
16668,0,0,0,0,0,0,0,0,0,0,1
16670,0,0,0,0,0,0,0,0,0,0,1
16671,0,0,0,0,0,0,0,0,0,0,1
16672,0,0,0,0,0,0,0,0,0,0,1
16676,0,0,0,0,0,0,0,0,0,0,1
16678,0,0,0,0,0,0,0,0,0,0,1
16679,0,0,0,0,0,0,0,0,0,0,1
16681,0,0,0,0,0,0,0,0,0,0,1
16682,0,0,0,0,0,0,0,0,0,0,1
16684,0,0,0,0,0,0,0,0,0,0,1
16686,0,0,0,0,0,0,0,0,0,0,1
16690,0,0,0,0,0,0,0,0,0,0,1
16692,0,0,0,0,0,0,0,0,0,0,1
16693,0,0,0,0,0,0,0,0,0,0,1
16696,0,0,0,0,0,0,0,0,0,0,1
16697,0,0,0,0,0,0,0,0,0,0,1
16698,0,0,0,0,0,0,0,0,0,0,1
16700,0,0,0,0,0,0,0,0,0,0,1
16701,0,0,0,0,0,0,0,0,0,0,1
16705,0,0,0,0,0,0,0,0,0,0,1
16706,0,0,0,0,0,0,0,0,0,0,1
16709,0,0,0,0,0,0,0,0,0,0,1
16710,0,0,0,0,0,0,0,0,0,0,1
16711,0,0,0,0,0,0,0,0,0,0,1
16712,0,0,0,0,0,0,0,0,0,0,1
16713,0,0,0,0,0,0,0,0,0,0,1
16714,0,0,0,0,0,0,0,0,0,0,1
16716,0,0,0,0,0,0,0,0,0,0,1
16717,0,0,0,0,0,0,0,0,0,0,1
16718,0,0,0,0,0,0,0,0,0,0,1
16719,0,0,0,0,0,0,0,0,0,0,1
16721,0,0,0,0,0,0,0,0,0,0,1
16722,0,0,0,0,0,0,0,0,0,0,1
16723,0,0,0,0,0,0,0,0,0,0,1
16725,0,0,0,0,0,0,0,0,0,0,1
16726,0,0,0,0,0,0,0,0,0,0,1
16727,0,0,0,0,0,0,0,0,0,0,1
16728,0,0,0,0,0,0,0,0,0,0,1
16729,0,0,0,0,0,0,0,0,0,0,1
16730,0,0,0,0,0,0,0,0,0,0,1
16734,0,0,0,0,0,0,0,0,0,0,1
16735,0,0,0,0,0,0,0,0,0,0,1
16738,0,0,0,0,0,0,0,0,0,0,1
16739,0,0,0,0,0,0,0,0,0,0,1
16743,0,0,0,0,0,0,0,0,0,0,1
16744,0,0,0,0,0,0,0,0,0,0,1
16745,0,0,0,0,0,0,0,0,0,0,1
16746,0,0,0,0,0,0,0,0,0,0,1
16748,0,0,0,0,0,0,0,0,0,0,1
16750,0,0,0,0,0,0,0,0,0,0,1
16752,0,0,0,0,0,0,0,0,0,0,1
16754,0,0,0,0,0,0,0,0,0,0,1
16755,0,0,0,0,0,0,0,0,0,0,1
16756,0,0,0,0,0,0,0,0,0,0,1
16757,0,0,0,0,0,0,0,0,0,0,1
16762,0,0,0,0,0,0,0,0,0,0,1
16763,0,0,0,0,0,0,0,0,0,0,1
16764,0,0,0,0,0,0,0,0,0,0,1
16765,0,0,0,0,0,0,0,0,0,0,1
16766,0,0,0,0,0,0,0,0,0,0,1
16767,0,0,0,0,0,0,0,0,0,0,1
16768,0,0,0,0,0,0,0,0,0,0,1
16769,0,0,0,0,0,0,0,0,0,0,1
16770,0,0,0,0,0,0,0,0,0,0,1
16771,0,0,0,0,0,0,0,0,0,0,1
16774,0,0,0,0,0,0,0,0,0,0,1
16775,0,0,0,0,0,0,0,0,0,0,1
16777,0,0,0,0,0,0,0,0,0,0,1
16778,0,0,0,0,0,0,0,0,0,0,1
16779,0,0,0,0,0,0,0,0,0,0,1
16780,0,0,0,0,0,0,0,0,0,0,1
16781,0,0,0,0,0,0,0,0,0,0,1
16782,0,0,0,0,0,0,0,0,0,0,1
16788,0,0,0,0,0,0,0,0,0,0,1
16791,0,0,0,0,0,0,0,0,0,0,1
16792,0,0,0,0,0,0,0,0,0,0,1
16794,0,0,0,0,0,0,0,0,0,0,1
16795,0,0,0,0,0,0,0,0,0,0,1
16801,0,0,0,0,0,0,0,0,0,0,1
16804,0,0,0,0,0,0,0,0,0,0,1
16805,0,0,0,0,0,0,0,0,0,0,1
16806,0,0,0,0,0,0,0,0,0,0,1
16807,0,0,0,0,0,0,0,0,0,0,1
16808,0,0,0,0,0,0,0,0,0,0,1
16809,0,0,0,0,0,0,0,0,0,0,1
16810,0,0,0,0,0,0,0,0,0,0,1
16812,0,0,0,0,0,0,0,0,0,0,1
16813,0,0,0,0,0,0,0,0,0,0,1
16814,0,0,0,0,0,0,0,0,0,0,1
16816,0,0,0,0,0,0,0,0,0,0,1
16817,0,0,0,0,0,0,0,0,0,0,1
16818,0,0,0,0,0,0,0,0,0,0,1
16823,0,0,0,0,0,0,0,0,0,0,1
16824,0,0,0,0,0,0,0,0,0,0,1
16825,0,0,0,0,0,0,0,0,0,0,1
16828,0,0,0,0,0,0,0,0,0,0,1
16829,0,0,0,0,0,0,0,0,0,0,1
16832,0,0,0,0,0,0,0,0,0,0,1
16833,0,0,0,0,0,0,0,0,0,0,1
16834,0,0,0,0,0,0,0,0,0,0,1
16835,0,0,0,0,0,0,0,0,0,0,1
16836,0,0,0,0,0,0,0,0,0,0,1
16837,0,0,0,0,0,0,0,0,0,0,1
16838,0,0,0,0,0,0,0,0,0,0,1
16839,0,0,0,0,0,0,0,0,0,0,1
16841,0,0,0,0,0,0,0,0,0,0,1
16842,0,0,0,0,0,0,0,0,0,0,1
16843,0,0,0,0,0,0,0,0,0,0,1
16849,0,0,0,0,0,0,0,0,0,0,1
16850,0,0,0,0,0,0,0,0,0,0,1
16852,0,0,0,0,0,0,0,0,0,0,1
16858,0,0,0,0,0,0,0,0,0,0,1
16859,0,0,0,0,0,0,0,0,0,0,1
16861,0,0,0,0,0,0,0,0,0,0,1
16863,0,0,0,0,0,0,0,0,0,0,1
16866,0,0,0,0,0,0,0,0,0,0,1
16869,0,0,0,0,0,0,0,0,0,0,1
16871,0,0,0,0,0,0,0,0,0,0,1
16872,0,0,0,0,0,0,0,0,0,0,1
16873,0,0,0,0,0,0,0,0,0,0,1
16875,0,0,0,0,0,0,0,0,0,0,1
16877,0,0,0,0,0,0,0,0,0,0,1
16880,0,0,0,0,0,0,0,0,0,0,1
16882,0,0,0,0,0,0,0,0,0,0,1
16883,0,0,0,0,0,0,0,0,0,0,1
16885,0,0,0,0,0,0,0,0,0,0,1
16889,0,0,0,0,0,0,0,0,0,0,1
16891,0,0,0,0,0,0,0,0,0,0,1
16892,0,0,0,0,0,0,0,0,0,0,1
16893,0,0,0,0,0,0,0,0,0,0,1
16897,0,0,0,0,0,0,0,0,0,0,1
16898,0,0,0,0,0,0,0,0,0,0,1
16899,0,0,0,0,0,0,0,0,0,0,1
16902,0,0,0,0,0,0,0,0,0,0,1
16904,0,0,0,0,0,0,0,0,0,0,1
16905,0,0,0,0,0,0,0,0,0,0,1
16906,0,0,0,0,0,0,0,0,0,0,1
16907,0,0,0,0,0,0,0,0,0,0,1
16912,0,0,0,0,0,0,0,0,0,0,1
16913,0,0,0,0,0,0,0,0,0,0,1
16915,0,0,0,0,0,0,0,0,0,0,1
16916,0,0,0,0,0,0,0,0,0,0,1
16917,0,0,0,0,0,0,0,0,0,0,1
16918,0,0,0,0,0,0,0,0,0,0,1
16919,0,0,0,0,0,0,0,0,0,0,1
16923,0,0,0,0,0,0,0,0,0,0,1
16926,0,0,0,0,0,0,0,0,0,0,1
16927,0,0,0,0,0,0,0,0,0,0,1
16928,0,0,0,0,0,0,0,0,0,0,1
16929,0,0,0,0,0,0,0,0,0,0,1
16931,0,0,0,0,0,0,0,0,0,0,1
16933,0,0,0,0,0,0,0,0,0,0,1
16938,0,0,0,0,0,0,0,0,0,0,1
16940,0,0,0,0,0,0,0,0,0,0,1
16942,0,0,0,0,0,0,0,0,0,0,1
16943,0,0,0,0,0,0,0,0,0,0,1
16945,0,0,0,0,0,0,0,0,0,0,1
16947,0,0,0,0,0,0,0,0,0,0,1
16948,0,0,0,0,0,0,0,0,0,0,1
16949,0,0,0,0,0,0,0,0,0,0,1
16950,0,0,0,0,0,0,0,0,0,0,1
16951,0,0,0,0,0,0,0,0,0,0,1
16952,0,0,0,0,0,0,0,0,0,0,1
16954,0,0,0,0,0,0,0,0,0,0,1
16955,0,0,0,0,0,0,0,0,0,0,1
16957,0,0,0,0,0,0,0,0,0,0,1
16960,0,0,0,0,0,0,0,0,0,0,1
16961,0,0,0,0,0,0,0,0,0,0,1
16963,0,0,0,0,0,0,0,0,0,0,1
16965,0,0,0,0,0,0,0,0,0,0,1
16966,0,0,0,0,0,0,0,0,0,0,1
16967,0,0,0,0,0,0,0,0,0,0,1
16968,0,0,0,0,0,0,0,0,0,0,1
16969,0,0,0,0,0,0,0,0,0,0,1
16976,0,0,0,0,0,0,0,0,0,0,1
16979,0,0,0,0,0,0,0,0,0,0,1
16980,0,0,0,0,0,0,0,0,0,0,1
16983,0,0,0,0,0,0,0,0,0,0,1
16984,0,0,0,0,0,0,0,0,0,0,1
16985,0,0,0,0,0,0,0,0,0,0,1
16987,0,0,0,0,0,0,0,0,0,0,1
16989,0,0,0,0,0,0,0,0,0,0,1
16990,0,0,0,0,0,0,0,0,0,0,1
16992,0,0,0,0,0,0,0,0,0,0,1
16995,0,0,0,0,0,0,0,0,0,0,1
16996,0,0,0,0,0,0,0,0,0,0,1
16997,0,0,0,0,0,0,0,0,0,0,1
16998,0,0,0,0,0,0,0,0,0,0,1
17001,0,0,0,0,0,0,0,0,0,0,1
17002,0,0,0,0,0,0,0,0,0,0,1
17007,0,0,0,0,0,0,0,0,0,0,1
17015,0,0,0,0,0,0,0,0,0,0,1
17017,0,0,0,0,0,0,0,0,0,0,1
17018,0,0,0,0,0,0,0,0,0,0,1
17019,0,0,0,0,0,0,0,0,0,0,1
17024,0,0,0,0,0,0,0,0,0,0,1
17025,0,0,0,0,0,0,0,0,0,0,1
17026,0,0,0,0,0,0,0,0,0,0,1
17027,0,0,0,0,0,0,0,0,0,0,1
17029,0,0,0,0,0,0,0,0,0,0,1
17031,0,0,0,0,0,0,0,0,0,0,1
17033,0,0,0,0,0,0,0,0,0,0,1
17034,0,0,0,0,0,0,0,0,0,0,1
17035,0,0,0,0,0,0,0,0,0,0,1
17040,0,0,0,0,0,0,0,0,0,0,1
17041,0,0,0,0,0,0,0,0,0,0,1
17042,0,0,0,0,0,0,0,0,0,0,1
17043,0,0,0,0,0,0,0,0,0,0,1
17044,0,0,0,0,0,0,0,0,0,0,1
17045,0,0,0,0,0,0,0,0,0,0,1
17046,0,0,0,0,0,0,0,0,0,0,1
17047,0,0,0,0,0,0,0,0,0,0,1
17048,0,0,0,0,0,0,0,0,0,0,1
17049,0,0,0,0,0,0,0,0,0,0,1
17050,0,0,0,0,0,0,0,0,0,0,1
17051,0,0,0,0,0,0,0,0,0,0,1
17053,0,0,0,0,0,0,0,0,0,0,1
17054,0,0,0,0,0,0,0,0,0,0,1
17058,0,0,0,0,0,0,0,0,0,0,1
17059,0,0,0,0,0,0,0,0,0,0,1
17060,0,0,0,0,0,0,0,0,0,0,1
17061,0,0,0,0,0,0,0,0,0,0,1
17062,0,0,0,0,0,0,0,0,0,0,1
17063,0,0,0,0,0,0,0,0,0,0,1
17064,0,0,0,0,0,0,0,0,0,0,1
17068,0,0,0,0,0,0,0,0,0,0,1
17069,0,0,0,0,0,0,0,0,0,0,1
17070,0,0,0,0,0,0,0,0,0,0,1
17071,0,0,0,0,0,0,0,0,0,0,1
17073,0,0,0,0,0,0,0,0,0,0,1
17075,0,0,0,0,0,0,0,0,0,0,1
17076,0,0,0,0,0,0,0,0,0,0,1
17080,0,0,0,0,0,0,0,0,0,0,1
17082,0,0,0,0,0,0,0,0,0,0,1
17083,0,0,0,0,0,0,0,0,0,0,1
17085,0,0,0,0,0,0,0,0,0,0,1
17088,0,0,0,0,0,0,0,0,0,0,1
17090,0,0,0,0,0,0,0,0,0,0,1
17091,0,0,0,0,0,0,0,0,0,0,1
17092,0,0,0,0,0,0,0,0,0,0,1
17094,0,0,0,0,0,0,0,0,0,0,1
17095,0,0,0,0,0,0,0,0,0,0,1
17096,0,0,0,0,0,0,0,0,0,0,1
17097,0,0,0,0,0,0,0,0,1,0,0
17101,0,0,0,0,0,0,0,0,0,0,1
17102,0,0,0,0,0,0,0,0,0,0,1
17105,0,0,0,0,0,0,0,0,0,0,1
17107,0,0,0,0,0,0,0,0,0,0,1
17109,0,0,0,0,0,0,0,0,0,0,1
17110,0,0,0,0,0,0,0,0,0,0,1
17114,0,0,0,0,0,0,0,0,0,0,1
17115,0,0,0,0,0,0,0,0,0,0,1
17117,0,0,0,0,0,0,0,0,0,0,1
17118,0,0,0,0,0,0,0,0,0,0,1
17120,0,0,0,0,0,0,0,0,0,0,1
17122,0,0,0,0,0,0,0,0,0,0,1
17123,0,0,0,0,0,0,0,0,0,0,1
17124,0,0,0,0,0,0,0,0,0,0,1
17126,0,0,0,0,0,0,0,0,0,0,1
17128,0,0,0,0,0,0,0,0,0,0,1
17133,0,0,0,0,0,0,0,0,0,0,1
17134,0,0,0,0,0,0,0,0,0,0,1
17135,0,0,0,0,0,0,0,0,0,0,1
17138,0,0,0,0,0,0,0,0,0,0,1
17139,0,0,0,0,0,0,0,0,0,0,1
17140,0,0,0,0,0,0,0,0,0,0,1
17142,0,0,0,0,0,0,0,0,0,0,1
17146,0,0,0,0,0,0,0,0,0,0,1
17147,0,0,0,0,0,0,0,0,0,0,1
17152,0,0,0,0,0,0,0,0,0,0,1
17155,0,0,0,0,0,0,0,0,0,0,1
17157,0,0,0,0,0,0,0,0,0,0,1
17158,0,0,0,0,0,0,0,0,0,0,1
17159,0,0,0,0,0,0,0,0,0,0,1
17160,0,0,0,0,0,0,0,0,0,0,1
17162,0,0,0,0,0,0,0,0,0,0,1
17164,0,0,0,0,0,0,0,0,0,0,1
17165,0,0,0,0,0,0,0,0,0,0,1
17166,0,0,0,0,0,0,0,0,0,0,1
17169,0,0,0,0,0,0,0,0,0,0,1
17171,0,0,0,0,0,0,0,0,0,0,1
17173,0,0,0,0,0,0,0,0,0,0,1
17174,0,0,0,0,0,0,0,0,0,0,1
17175,0,0,0,0,0,0,0,0,0,0,1
17176,0,0,0,0,0,0,0,0,0,0,1
17179,0,0,0,0,0,0,0,0,0,0,1
17180,0,0,0,0,0,0,0,0,0,0,1
17181,0,0,0,0,0,0,0,0,0,0,1
17183,0,0,0,0,0,0,0,0,0,0,1
17187,0,0,0,0,0,0,0,0,0,0,1
17188,0,0,0,0,0,0,0,0,0,0,1
17189,0,0,0,0,0,0,0,0,0,0,1
17190,0,0,0,0,0,0,0,0,0,0,1
17191,0,0,0,0,0,0,0,0,0,0,1
17193,0,0,0,0,0,0,0,0,0,0,1
17194,0,0,0,0,0,0,0,0,0,0,1
17198,0,0,0,0,0,0,0,0,0,0,1
17204,0,0,0,0,0,0,0,0,0,0,1
17211,0,0,0,0,0,0,0,0,0,0,1
17212,0,0,0,0,0,0,0,0,0,0,1
17213,0,0,0,0,0,0,0,0,0,0,1
17214,0,0,0,0,0,0,0,0,0,0,1
17217,0,0,0,0,0,0,0,0,0,0,1
17218,0,0,0,0,0,0,0,0,0,0,1
17220,0,0,0,0,0,0,0,0,0,0,1
17223,0,0,0,0,0,0,0,0,0,0,1
17226,0,0,0,0,0,0,0,0,0,0,1
17227,0,0,0,0,0,0,0,0,0,0,1
17228,0,0,0,0,0,0,0,0,0,0,1
17229,0,0,0,0,0,0,0,0,0,0,1
17230,0,0,0,0,0,0,0,0,0,0,1
17231,0,0,0,0,0,0,0,0,0,0,1
17234,0,0,0,0,0,0,0,0,0,0,1
17235,0,0,0,0,0,0,0,0,0,0,1
17236,0,0,0,0,0,0,0,0,0,0,1
17238,0,0,0,0,0,0,0,0,0,0,1
17239,0,0,0,0,0,0,0,0,0,0,1
17242,0,0,0,0,0,0,0,0,0,0,1
17243,0,0,0,0,0,0,0,0,0,0,1
17245,0,0,0,0,0,0,0,0,0,0,1
17248,0,0,0,0,0,0,0,0,0,0,1
17250,0,0,0,0,0,0,0,0,0,0,1
17251,0,0,0,0,0,0,0,0,0,0,1
17252,0,0,0,0,0,0,0,0,0,0,1
17255,0,0,0,0,0,0,0,0,0,0,1
17256,0,0,0,0,0,0,0,0,0,0,1
17259,0,0,0,0,0,0,0,0,0,0,1
17262,0,0,0,0,0,0,0,0,0,0,1
17263,0,0,0,0,0,0,0,0,0,0,1
17265,0,0,0,0,0,0,0,0,0,0,1
17266,0,0,0,0,0,0,0,0,0,0,1
17267,0,0,0,0,0,0,0,0,0,0,1
17268,0,0,0,0,0,0,0,0,0,0,1
17272,0,0,0,0,0,0,0,0,0,0,1
17277,0,0,0,0,0,0,0,0,0,0,1
17278,0,0,0,0,0,0,0,0,0,0,1
17282,0,0,0,0,0,0,0,0,0,0,1
17284,0,0,0,0,0,0,0,0,0,0,1
17287,0,0,0,0,0,0,0,0,0,0,1
17288,0,0,0,0,0,0,0,0,0,0,1
17289,0,0,0,0,0,0,0,0,0,0,1
17291,0,0,0,0,0,0,0,0,0,0,1
17293,0,0,0,0,0,0,0,0,0,0,1
17298,0,0,0,0,0,0,0,0,0,0,1
17299,0,0,0,0,0,0,0,0,0,0,1
17302,0,0,0,0,0,0,0,0,0,0,1
17303,0,0,0,0,0,0,0,0,0,0,1
17306,0,0,0,0,0,0,0,0,0,0,1
17307,0,0,0,0,0,0,0,0,0,0,1
17311,0,0,0,0,0,0,0,0,0,0,1
17312,0,0,0,0,0,0,0,0,0,0,1
17314,0,0,0,0,0,0,0,0,0,0,1
17315,0,0,0,0,0,0,0,0,0,0,1
17320,0,0,0,0,0,0,0,0,0,0,1
17323,0,0,0,0,0,0,0,0,0,0,1
17324,0,0,0,0,0,0,0,0,0,0,1
17325,0,0,0,0,0,0,0,0,0,0,1
17329,0,0,0,0,0,0,0,0,0,0,1
17331,0,0,0,0,0,0,0,0,0,0,1
17334,0,0,0,0,0,0,0,0,0,0,1
17337,0,0,0,0,0,0,0,0,0,0,1
17338,0,0,0,0,0,0,0,0,0,0,1
17339,0,0,0,0,0,0,0,0,0,0,1
17340,0,0,0,0,0,0,0,0,0,0,1
17341,0,0,0,0,0,0,0,0,0,0,1
17343,0,0,0,0,0,0,0,0,0,0,1
17345,0,0,0,0,0,0,0,0,0,0,1
17346,0,0,0,0,0,0,0,0,0,0,1
17348,0,0,0,0,0,0,0,0,0,0,1
17349,0,0,0,0,0,0,0,0,0,0,1
17351,0,0,0,0,0,0,0,0,0,0,1
17353,0,0,0,0,0,0,0,0,0,0,1
17356,0,0,0,0,0,0,0,0,0,0,1
17358,0,0,0,0,0,0,0,0,0,0,1
17360,0,0,0,0,0,0,0,0,0,0,1
17361,0,0,0,0,0,0,0,0,0,0,1
17362,0,0,0,0,0,0,0,0,0,0,1
17364,0,0,0,0,0,0,0,0,0,0,1
17365,0,0,0,0,0,0,0,0,0,0,1
17367,0,0,0,0,0,0,0,0,0,0,1
17368,0,0,0,0,0,0,0,0,0,0,1
17370,0,0,0,0,0,0,0,0,0,0,1
17371,0,0,0,0,0,0,0,0,0,0,1
17372,0,0,0,0,0,0,0,0,0,0,1
17373,0,0,0,0,0,0,0,0,0,0,1
17374,0,0,0,0,0,0,0,0,0,0,1
17375,0,0,0,0,0,0,0,0,0,0,1
17376,0,0,0,0,0,0,0,0,0,0,1
17377,0,0,0,0,0,0,0,0,0,0,1
17381,0,0,0,0,0,0,0,0,0,0,1
17384,0,0,0,0,0,0,0,0,0,0,1
17386,0,0,0,0,0,0,0,0,0,0,1
17388,0,0,0,0,0,0,0,0,0,0,1
17389,0,0,0,0,0,0,0,0,0,0,1
17391,0,0,0,0,0,0,0,0,0,0,1
17392,0,0,0,0,0,0,0,0,0,0,1
17394,0,0,0,0,0,0,0,0,0,0,1
17396,0,0,0,0,0,0,0,0,0,0,1
17398,0,0,0,0,0,0,0,0,0,0,1
17400,0,0,0,0,0,0,0,0,0,0,1
17402,0,0,0,0,0,0,0,0,0,0,1
17405,0,0,0,0,0,0,0,0,0,0,1
17406,0,0,0,0,0,0,0,0,0,0,1
17408,0,0,0,0,0,0,0,0,0,0,1
17409,0,0,0,0,0,0,0,0,0,0,1
17410,0,0,0,0,0,0,0,0,0,0,1
17411,0,0,0,0,0,0,0,0,0,0,1
17412,0,0,0,0,0,0,0,0,0,0,1
17414,0,0,0,0,0,0,0,0,0,0,1
17416,0,0,0,0,0,0,0,0,0,0,1
17418,0,0,0,0,0,0,0,0,0,0,1
17419,0,0,0,0,0,0,0,0,0,0,1
17420,0,0,0,0,0,0,0,0,0,0,1
17422,0,0,0,0,0,0,0,0,0,0,1
17423,0,0,0,0,0,0,0,0,0,0,1
17426,0,0,0,0,0,0,0,0,0,0,1
17428,0,0,0,0,0,0,0,0,0,0,1
17429,0,0,0,0,0,0,0,0,0,0,1
17430,0,0,0,0,0,0,0,0,0,0,1
17431,0,0,0,0,0,0,0,0,0,0,1
17436,0,0,0,0,0,0,0,0,0,0,1
17438,0,0,0,0,0,0,0,0,0,0,1
17440,0,0,0,0,0,0,0,0,0,0,1
17442,0,0,0,0,0,0,0,0,0,0,1
17446,0,0,0,0,0,0,0,0,0,0,1
17449,0,0,0,0,0,0,0,0,0,0,1
17450,0,0,0,0,0,0,0,0,0,0,1
17451,0,0,0,0,0,0,0,0,0,0,1
17454,0,0,0,0,0,0,0,0,0,0,1
17455,0,0,0,0,0,0,0,0,0,0,1
17456,0,0,0,0,0,0,0,0,0,0,1
17457,0,0,0,0,0,0,0,0,0,0,1
17460,0,0,0,0,0,0,0,0,0,0,1
17462,0,0,0,0,0,0,0,0,0,0,1
17463,0,0,0,0,0,0,0,0,0,0,1
17464,0,0,0,0,0,0,0,0,0,0,1
17469,0,0,0,0,0,0,0,0,0,0,1
17470,0,0,0,0,0,0,0,0,0,0,1
17472,0,0,0,0,0,0,0,0,0,0,1
17483,0,0,0,0,0,0,0,0,0,0,1
17486,0,0,0,0,0,0,0,0,0,0,1
17489,0,0,0,0,0,0,0,0,0,0,1
17490,0,0,0,0,0,0,0,0,0,0,1
17491,0,0,0,0,0,0,0,0,0,0,1
17492,0,0,0,0,0,0,0,0,0,0,1
17496,0,0,0,0,0,0,0,0,0,0,1
17499,0,0,0,0,0,0,0,0,0,0,1
17501,0,0,0,0,0,0,0,0,0,0,1
17504,0,0,0,0,0,0,0,0,0,0,1
17505,0,0,0,0,0,0,0,0,0,0,1
17507,0,0,0,0,0,0,0,0,0,0,1
17511,0,0,0,0,0,0,0,0,0,0,1
17512,0,0,0,0,0,0,0,0,0,0,1
17514,0,0,0,0,0,0,0,0,0,0,1
17515,0,0,0,0,0,0,0,0,0,0,1
17516,0,0,0,0,0,0,0,0,0,0,1
17517,0,0,0,0,0,0,0,0,0,0,1
17519,0,0,0,0,0,0,0,0,0,0,1
17521,0,0,0,0,0,0,0,0,0,0,1
17522,0,0,0,0,0,0,0,0,0,0,1
17524,0,0,0,0,0,0,0,0,0,0,1
17525,0,0,0,0,0,0,0,0,0,0,1
17526,0,0,0,0,0,0,0,0,0,0,1
17527,0,0,0,0,0,0,0,0,0,0,1
17530,0,0,0,0,0,0,0,0,0,0,1
17531,0,0,0,0,0,0,0,0,0,0,1
17535,0,0,0,0,0,0,0,0,0,0,1
17536,0,0,0,0,0,0,0,0,0,0,1
17537,0,0,0,0,0,0,0,0,0,0,1
17540,0,0,0,0,0,0,0,0,0,0,1
17542,0,0,0,0,0,0,0,0,0,0,1
17547,0,0,0,0,0,0,0,0,0,0,1
17548,0,0,0,0,0,0,0,0,0,0,1
17550,0,0,0,0,0,0,0,0,0,0,1
17551,0,0,0,0,0,0,0,0,0,0,1
17552,0,0,0,0,0,0,0,0,0,0,1
17553,0,0,0,0,0,0,0,0,0,0,1
17554,0,0,0,0,0,0,0,0,0,0,1
17555,0,0,0,0,0,0,0,0,0,0,1
17556,0,0,0,0,0,0,0,0,0,0,1
17560,0,0,0,0,0,0,0,0,0,0,1
17562,0,0,0,0,0,0,0,0,0,0,1
17567,0,0,0,0,0,0,0,0,0,0,1
17569,0,0,0,0,0,0,0,0,0,0,1
17571,0,0,0,0,0,0,0,0,0,0,1
17572,0,0,0,0,0,0,0,0,0,0,1
17574,0,0,0,0,0,0,0,0,0,0,1
17576,0,0,0,0,0,0,0,0,0,0,1
17578,0,0,0,0,0,0,0,0,0,0,1
17579,0,0,0,0,0,0,0,0,0,0,1
17580,0,0,0,0,0,0,0,0,0,0,1
17581,0,0,0,0,0,0,0,0,0,0,1
17582,0,0,0,0,0,0,0,0,0,0,1
17584,0,0,0,0,0,0,0,0,0,0,1
17585,0,0,0,0,0,0,0,0,0,0,1
17588,0,0,0,0,0,0,0,0,0,0,1
17589,0,0,0,0,0,0,0,0,0,0,1
17591,0,0,0,0,0,0,0,0,0,0,1
17593,0,0,0,0,0,0,0,0,0,0,1
17594,0,0,0,0,0,0,0,0,0,0,1
17596,0,0,0,0,0,0,0,0,0,0,1
17597,0,0,0,0,0,0,0,0,0,0,1
17601,0,0,0,0,0,0,0,0,0,0,1
17602,0,0,0,0,0,0,0,0,0,0,1
17604,0,0,0,0,0,0,0,0,0,0,1
17609,0,0,0,0,0,0,0,0,0,0,1
17611,0,0,0,0,0,0,0,0,0,0,1
17612,0,0,0,0,0,0,0,0,0,0,1
17613,0,0,0,0,0,0,0,0,0,0,1
17615,0,0,0,0,0,0,0,0,0,0,1
17616,0,0,0,0,0,0,0,0,0,0,1
17618,0,0,0,0,0,0,0,0,0,0,1
17619,0,0,0,0,0,0,0,0,0,0,1
17621,0,0,0,0,0,0,0,0,0,0,1
17624,0,0,0,0,0,0,0,0,0,0,1
17625,0,0,0,0,0,0,0,0,0,0,1
17629,0,0,0,0,0,0,0,0,0,0,1
17630,0,0,0,0,0,0,0,0,0,0,1
17631,0,0,0,0,0,0,0,0,0,0,1
17633,0,0,0,0,0,0,0,0,0,0,1
17634,0,0,0,0,0,0,0,0,0,0,1
17637,0,0,0,0,0,0,0,0,0,0,1
17639,0,0,0,0,0,0,0,0,0,0,1
17642,0,0,0,0,0,0,0,0,0,0,1
17643,0,0,0,0,0,0,0,0,0,0,1
17644,0,0,0,0,0,0,0,0,0,0,1
17646,0,0,0,0,0,0,0,0,0,0,1
17648,0,0,0,0,0,0,0,0,0,0,1
17649,0,0,0,0,0,0,0,0,0,0,1
17651,0,0,0,0,0,0,0,0,0,0,1
17652,0,0,0,0,0,0,0,0,0,0,1
17653,0,0,0,0,0,0,0,0,0,0,1
17654,0,0,0,0,0,0,0,0,0,0,1
17655,0,0,0,0,0,0,0,0,0,0,1
17656,0,0,0,0,0,0,0,0,0,0,1
17658,0,0,0,0,0,0,0,0,0,0,1
17659,0,0,0,0,0,0,0,0,0,0,1
17660,0,0,0,0,0,0,0,0,0,0,1
17663,0,0,0,0,0,0,0,0,0,0,1
17664,0,0,0,0,0,0,0,0,0,0,1
17667,0,0,0,0,0,0,0,0,0,0,1
17669,0,0,0,0,0,0,0,0,0,0,1
17670,0,0,0,0,0,0,0,0,0,0,1
17671,0,0,0,0,0,0,0,0,0,0,1
17672,0,0,0,0,0,0,0,0,0,0,1
17673,0,0,0,0,0,0,0,0,0,0,1
17674,0,0,0,0,0,0,0,0,0,0,1
17675,0,0,0,0,0,0,0,0,0,0,1
17676,0,0,0,0,0,0,0,0,0,0,1
17677,0,0,0,0,0,0,0,0,0,0,1
17678,0,0,0,0,0,0,0,0,0,0,1
17682,0,0,0,0,0,0,0,0,0,0,1
17685,0,0,0,0,0,0,0,0,0,0,1
17686,0,0,0,0,0,0,0,0,0,0,1
17690,0,0,0,0,0,0,0,0,0,0,1
17691,0,0,0,0,0,0,0,0,0,0,1
17692,0,0,0,0,0,0,0,0,0,0,1
17693,0,0,0,0,0,0,0,0,0,0,1
17694,0,0,0,0,0,0,0,0,0,0,1
17695,0,0,0,0,0,0,0,0,0,0,1
17696,0,0,0,0,0,0,0,0,0,0,1
17697,0,0,0,0,0,0,0,0,0,0,1
17698,0,0,0,0,0,0,0,0,0,0,1
17700,0,0,0,0,0,0,0,0,0,0,1
17701,0,0,0,0,0,0,0,0,0,0,1
17702,0,0,0,0,0,0,0,0,0,0,1
17703,0,0,0,0,0,0,0,0,0,0,1
17704,0,0,0,0,0,0,0,0,0,0,1
17705,0,0,0,0,0,0,0,0,0,0,1
17706,0,0,0,0,0,0,0,0,0,0,1
17707,0,0,0,0,0,0,0,0,0,0,1
17708,0,0,0,0,0,0,0,0,0,0,1
17709,0,0,0,0,0,0,0,0,0,0,1
17711,0,0,0,0,0,0,0,0,0,0,1
17714,0,0,0,0,0,0,0,0,0,0,1
17715,0,0,0,0,0,0,0,0,0,0,1
17716,0,0,0,0,0,0,0,0,0,0,1
17718,0,0,0,0,0,0,0,0,0,0,1
17719,0,0,0,0,0,0,0,0,0,0,1
17720,0,0,0,0,0,0,0,0,0,0,1
17722,0,0,0,0,0,0,0,0,0,0,1
17723,0,0,0,0,0,0,0,0,0,0,1
17724,0,0,0,0,0,0,0,0,0,0,1
17725,0,0,0,0,0,0,0,0,0,0,1
17730,0,0,0,0,0,0,0,0,0,0,1
17731,0,0,0,0,0,0,0,0,0,0,1
17732,0,0,0,0,0,0,0,0,0,0,1
17733,0,0,0,0,0,0,0,0,0,0,1
17734,0,0,0,0,0,0,0,0,0,0,1
17735,0,0,0,0,0,0,0,0,0,0,1
17736,0,0,0,0,0,0,0,0,0,0,1
17738,0,0,0,0,0,0,0,0,0,0,1
17739,0,0,0,0,0,0,0,0,0,0,1
17742,0,0,0,0,0,0,0,0,0,0,1
17744,0,0,0,0,0,0,0,0,0,0,1
17746,0,0,0,0,0,0,0,0,0,0,1
17747,0,0,0,0,0,0,0,0,0,0,1
17749,0,0,0,0,0,0,0,0,0,0,1
17750,0,0,0,0,0,0,0,0,0,0,1
17752,0,0,0,0,0,0,0,0,0,0,1
17754,0,0,0,0,0,0,0,0,0,0,1
17757,0,0,0,0,0,0,0,0,0,0,1
17758,0,0,0,0,0,0,0,0,0,0,1
17759,0,0,0,0,0,0,0,0,0,0,1
17760,0,0,0,0,0,0,0,0,0,0,1
17763,0,0,0,0,0,0,0,0,0,0,1
17764,0,0,0,0,0,0,0,0,0,0,1
17765,0,0,0,0,0,0,0,0,0,0,1
17768,0,0,0,0,0,0,0,0,0,0,1
17769,0,0,0,0,0,0,0,0,0,0,1
17770,0,0,0,0,0,0,0,0,0,0,1
17771,0,0,0,0,0,0,0,0,0,0,1
17774,0,0,0,0,0,0,0,0,0,0,1
17775,0,0,0,0,0,0,0,0,0,0,1
17779,0,0,0,0,0,0,0,0,0,0,1
17781,0,0,0,0,0,0,0,0,0,0,1
17783,0,0,0,0,0,0,0,0,0,0,1
17786,0,0,0,0,0,0,0,0,0,0,1
17787,0,0,0,0,0,0,0,0,0,0,1
17788,0,0,0,0,0,0,0,0,0,0,1
17789,0,0,0,0,0,0,0,0,0,0,1
17790,0,0,0,0,0,0,0,0,0,0,1
17795,0,0,0,0,0,0,0,0,0,0,1
17796,0,0,0,0,0,0,0,0,0,0,1
17797,0,0,0,0,0,0,0,0,0,0,1
17799,0,0,0,0,0,0,0,0,0,0,1
17800,0,0,0,0,0,0,0,0,0,0,1
17802,0,0,0,0,0,0,0,0,0,0,1
17809,0,0,0,0,0,0,0,0,0,0,1
17811,0,0,0,0,0,0,0,0,0,0,1
17812,0,0,0,0,0,0,0,0,0,0,1
17816,0,0,0,0,0,0,0,0,0,0,1
17817,0,0,0,0,0,0,0,0,0,0,1
17819,0,0,0,0,0,0,0,0,0,0,1
17820,0,0,0,0,0,0,0,0,0,0,1
17827,0,0,0,0,0,0,0,0,0,0,1
17830,0,0,0,0,0,0,0,0,0,0,1
17837,0,0,0,0,0,0,0,0,0,0,1
17838,0,0,0,0,0,0,0,0,0,0,1
17841,0,0,0,0,0,0,0,0,0,0,1
17843,0,0,0,0,0,0,0,0,0,0,1
17848,0,0,0,0,0,0,0,0,0,0,1
17849,0,0,0,0,0,0,0,0,0,0,1
17850,0,0,0,0,0,0,0,0,0,0,1
17854,0,0,0,0,0,0,0,0,0,0,1
17855,0,0,0,0,0,0,0,0,0,0,1
17856,0,0,0,0,0,0,0,0,0,0,1
17857,0,0,0,0,0,0,0,0,0,0,1
17858,0,0,0,0,0,0,0,0,0,0,1
17859,0,0,0,0,0,0,0,0,0,0,1
17860,0,0,0,0,0,0,0,0,0,0,1
17861,0,0,0,0,0,0,0,0,0,0,1
17862,0,0,0,0,0,0,0,0,0,0,1
17863,0,0,0,0,0,0,0,0,0,0,1
17864,0,0,0,0,0,0,0,0,0,0,1
17865,0,0,0,0,0,0,0,0,0,0,1
17866,0,0,0,0,0,0,0,0,0,0,1
17867,0,0,0,0,0,0,0,0,0,0,1
17869,0,0,0,0,0,0,0,0,0,0,1
17870,0,0,0,0,0,0,0,0,0,0,1
17871,0,0,0,0,0,0,0,0,0,0,1
17873,0,0,0,0,0,0,0,0,0,0,1
17874,0,0,0,0,0,0,0,0,0,0,1
17877,0,0,0,0,0,0,0,0,0,0,1
17879,0,0,0,0,0,0,0,0,0,0,1
17880,0,0,0,0,0,0,0,0,0,0,1
17881,0,0,0,0,0,0,0,0,0,0,1
17883,0,0,0,0,0,0,0,0,0,0,1
17884,0,0,0,0,0,0,0,0,0,0,1
17886,0,0,0,0,0,0,0,0,0,0,1
17887,0,0,0,0,0,0,0,0,0,0,1
17888,0,0,0,0,0,0,0,0,0,0,1
17889,0,0,0,0,0,0,0,0,0,0,1
17890,0,0,0,0,0,0,0,0,0,0,1
17891,0,0,0,0,0,0,0,0,0,0,1
17892,0,0,0,0,0,0,0,0,0,0,1
17893,0,0,0,0,0,0,0,0,0,0,1
17894,0,0,0,0,0,0,0,0,0,0,1
17897,0,0,0,0,0,0,0,0,0,0,1
17898,0,0,0,0,0,0,0,0,0,0,1
17899,0,0,0,0,0,0,0,0,0,0,1
17900,0,0,0,0,0,0,0,0,0,0,1
17905,0,0,0,0,0,0,0,0,0,0,1
17906,0,0,0,0,0,0,0,0,0,0,1
17908,0,0,0,0,0,0,0,0,0,0,1
17912,0,0,0,0,0,0,0,0,0,0,1
17913,0,0,0,0,0,0,0,0,0,0,1
17917,0,0,0,0,0,0,0,0,0,0,1
17920,0,0,0,0,0,0,0,0,0,0,1
17921,0,0,0,0,0,0,0,0,0,0,1
17923,0,0,0,0,0,0,0,0,0,0,1
17924,0,0,0,0,0,0,0,0,0,0,1
17925,0,0,0,0,0,0,0,0,0,0,1
17926,0,0,0,0,0,0,0,0,0,0,1
17928,0,0,0,0,0,0,0,0,0,0,1
17929,0,0,0,0,0,0,0,0,0,0,1
17930,0,0,0,0,0,0,0,0,0,0,1
17931,0,0,0,0,0,0,0,0,0,0,1
17932,0,0,0,0,0,0,0,0,0,0,1
17935,0,0,0,0,0,0,0,0,0,0,1
17937,0,0,0,0,0,0,0,0,0,0,1
17939,0,0,0,0,0,0,0,0,0,0,1
17940,0,0,0,0,0,0,0,0,0,0,1
17941,0,0,0,0,0,0,0,0,0,0,1
17946,0,0,0,0,0,0,0,0,0,0,1
17948,0,0,0,0,0,0,0,0,0,0,1
17949,0,0,0,0,0,0,0,0,0,0,1
17950,0,0,0,0,0,0,0,0,0,0,1
17951,0,0,0,0,0,0,0,0,0,0,1
17954,0,0,0,0,0,0,0,0,0,0,1
17955,0,0,0,0,0,0,0,0,0,0,1
17956,0,0,0,0,0,0,0,0,0,0,1
17958,0,0,0,0,0,0,0,0,0,0,1
17960,0,0,0,0,0,0,0,0,0,0,1
17961,0,0,0,0,0,0,0,0,0,0,1
17962,0,0,0,0,0,0,0,0,0,0,1
17964,0,0,0,0,0,0,0,0,0,0,1
17965,0,0,0,0,0,0,0,0,0,0,1
17966,0,0,0,0,0,0,0,0,0,0,1
17967,0,0,0,0,0,0,0,0,0,0,1
17968,0,0,0,0,0,0,0,0,0,0,1
17969,0,0,0,0,0,0,0,0,0,0,1
17970,0,0,0,0,0,0,0,0,0,0,1
17972,0,0,0,0,0,0,0,0,0,0,1
17974,0,0,0,0,0,0,0,0,0,0,1
17975,0,0,0,0,0,0,0,0,0,0,1
17976,0,0,0,0,0,0,0,0,0,0,1
17978,0,0,0,0,0,0,0,0,0,0,1
17979,0,0,0,0,0,0,0,0,0,0,1
17980,0,0,0,0,0,0,0,0,0,0,1
17984,0,0,0,0,0,0,0,0,0,0,1
17987,0,0,0,0,0,0,0,0,0,0,1
17988,0,0,0,0,0,0,0,0,0,0,1
17990,0,0,0,0,0,0,0,0,0,0,1
17991,0,0,0,0,0,0,0,0,0,0,1
17994,0,0,0,0,0,0,0,0,0,0,1
17995,0,0,0,0,0,0,0,0,0,0,1
17997,0,0,0,0,0,0,0,0,0,0,1
17999,0,0,0,0,0,0,0,0,0,0,1
18004,0,0,0,0,0,0,0,0,0,0,1
18008,0,0,0,0,0,0,0,0,0,0,1
18009,0,0,0,0,0,0,0,0,0,0,1
18010,0,0,0,0,0,0,0,0,0,0,1
18011,0,0,0,0,0,0,0,0,0,0,1
18013,0,0,0,0,0,0,0,0,0,0,1
18016,0,0,0,0,0,0,0,0,0,0,1
18017,0,0,0,0,0,0,0,0,0,0,1
18018,0,0,0,0,0,0,0,0,0,0,1
18024,0,0,0,0,0,0,0,0,0,0,1
18032,0,0,0,0,0,0,0,0,0,0,1
18036,0,0,0,0,0,0,0,0,0,0,1
18037,0,0,0,0,0,0,0,0,0,0,1
18040,0,0,0,0,0,0,0,0,0,0,1
18041,0,0,0,0,0,0,0,0,0,0,1
18043,0,0,0,0,0,0,0,0,0,0,1
18044,0,0,0,0,0,0,0,0,0,0,1
18048,0,0,0,0,0,0,0,0,0,0,1
18050,0,0,0,0,0,0,0,0,0,0,1
18055,0,0,0,0,0,0,0,0,0,0,1
18056,0,0,0,0,0,0,0,0,0,0,1
18061,0,0,0,0,0,0,0,0,0,0,1
18062,0,0,0,0,0,0,0,0,0,0,1
18064,0,0,0,0,0,0,0,0,0,0,1
18065,0,0,0,0,0,0,0,0,0,0,1
18068,0,0,0,0,0,0,0,0,0,0,1
18069,0,0,0,0,0,0,0,0,0,0,1
18071,0,0,0,0,0,0,0,0,0,0,1
18072,0,0,0,0,0,0,0,0,0,0,1
18073,0,0,0,0,0,0,0,0,0,0,1
18074,0,0,0,0,0,0,0,0,0,0,1
18075,0,0,0,0,0,0,0,0,0,0,1
18077,0,0,0,0,0,0,0,0,0,0,1
18078,0,0,0,0,0,0,0,0,0,0,1
18079,0,0,0,0,0,0,0,0,0,0,1
18080,0,0,0,0,0,0,0,0,0,0,1
18081,0,0,0,0,0,0,0,0,0,0,1
18084,0,0,0,0,0,0,0,0,0,0,1
18085,0,0,0,0,0,0,0,0,0,0,1
18086,0,0,0,0,0,0,0,0,0,0,1
18087,0,0,0,0,0,0,0,0,0,0,1
18092,0,0,0,0,0,0,0,0,0,0,1
18093,0,0,0,0,0,0,0,0,0,0,1
18094,0,0,0,0,0,0,0,0,0,0,1
18095,0,0,0,0,0,0,0,0,0,0,1
18097,0,0,0,0,0,0,0,0,0,0,1
18099,0,0,0,0,0,0,0,0,0,0,1
18101,0,0,0,0,0,0,0,0,0,0,1
18102,0,0,0,0,0,0,0,0,0,0,1
18106,0,0,0,0,0,0,0,0,0,0,1
18108,0,0,0,0,0,0,0,0,0,0,1
18109,0,0,0,0,0,0,0,0,0,0,1
18112,0,0,0,0,0,0,0,0,0,0,1
18113,0,0,0,0,0,0,0,0,0,0,1
18114,0,0,0,0,0,0,0,0,0,0,1
18116,0,0,0,0,0,0,0,0,0,0,1
18118,0,0,0,0,0,0,0,0,0,0,1
18119,0,0,0,0,0,0,0,0,0,0,1
18120,0,0,0,0,0,0,0,0,0,0,1
18121,0,0,0,0,0,0,0,0,0,0,1
18122,0,0,0,0,0,0,0,0,0,0,1
18125,0,0,0,0,0,0,0,0,0,0,1
18127,0,0,0,0,0,0,0,0,0,0,1
18129,0,0,0,0,0,0,0,0,0,0,1
18133,0,0,0,0,0,0,0,0,0,0,1
18135,0,0,0,0,0,0,0,0,0,0,1
18136,0,0,0,0,0,0,0,0,0,0,1
18138,0,0,0,0,0,0,0,0,0,0,1
18141,0,0,0,0,0,0,0,0,0,0,1
18142,0,0,0,0,0,0,0,0,0,0,1
18143,0,0,0,0,0,0,0,0,0,0,1
18144,0,0,0,0,0,0,0,0,0,0,1
18145,0,0,0,0,0,0,0,0,0,0,1
18146,0,0,0,0,0,0,0,0,0,0,1
18147,0,0,0,0,0,0,0,0,0,0,1
18149,0,0,0,0,0,0,0,0,0,0,1
18150,0,0,0,0,0,0,0,0,0,0,1
18151,0,0,0,0,0,0,0,0,0,0,1
18155,0,0,0,0,0,0,0,0,0,0,1
18156,0,0,0,0,0,0,0,0,0,0,1
18159,0,0,0,0,0,0,0,0,0,0,1
18160,0,0,0,0,0,0,0,0,0,0,1
18161,0,0,0,0,0,0,0,0,0,0,1
18165,0,0,0,0,0,0,0,0,0,0,1
18167,0,0,0,0,0,0,0,0,0,0,1
18168,0,0,0,0,0,0,0,0,0,0,1
18170,0,0,0,0,0,0,0,0,0,0,1
18171,0,0,0,0,0,0,0,0,0,0,1
18172,0,0,0,0,0,0,0,0,0,0,1
18173,0,0,0,0,0,0,0,0,0,0,1
18176,0,0,0,0,0,0,0,0,0,0,1
18177,0,0,0,0,0,0,0,0,0,0,1
18178,0,0,0,0,0,0,0,0,0,0,1
18179,0,0,0,0,0,0,0,0,0,0,1
18180,0,0,0,0,0,0,0,0,0,0,1
18183,0,0,0,0,0,0,0,0,0,0,1
18185,0,0,0,0,0,0,0,0,0,0,1
18188,0,0,0,0,0,0,0,0,0,0,1
18189,0,0,0,0,0,0,0,0,0,0,1
18190,0,0,0,0,0,0,0,0,0,0,1
18191,0,0,0,0,0,0,0,0,0,0,1
18193,0,0,0,0,0,0,0,0,0,0,1
18196,0,0,0,0,0,0,0,0,0,0,1
18198,0,0,0,0,0,0,0,0,0,0,1
18200,0,0,0,0,0,0,0,0,0,0,1
18202,0,0,0,0,0,0,0,0,0,0,1
18203,0,0,0,0,0,0,0,0,0,0,1
18204,0,0,0,0,0,0,0,0,0,0,1
18210,0,0,0,0,0,0,0,0,0,0,1
18211,0,0,0,0,0,0,0,0,0,0,1
18212,0,0,0,0,0,0,0,0,0,0,1
18213,0,0,0,0,0,0,0,0,0,0,1
18218,0,0,0,0,0,0,0,0,0,0,1
18219,0,0,0,0,0,0,0,0,0,0,1
18220,0,0,0,0,0,0,0,0,0,0,1
18221,0,0,0,0,0,0,0,0,0,0,1
18223,0,0,0,0,0,0,0,0,0,0,1
18224,0,0,0,0,0,0,0,0,0,0,1
18225,0,0,0,0,0,0,0,0,0,0,1
18226,0,0,0,0,0,0,0,0,0,0,1
18227,0,0,0,0,0,0,0,0,0,0,1
18229,0,0,0,0,0,0,0,0,0,0,1
18230,0,0,0,0,0,0,0,0,0,0,1
18231,0,0,0,0,0,0,0,0,0,0,1
18232,0,0,0,0,0,0,0,0,0,0,1
18233,0,0,0,0,0,0,0,0,0,0,1
18235,0,0,0,0,0,0,0,0,0,0,1
18236,0,0,0,0,0,0,0,0,0,0,1
18237,0,0,0,0,0,0,0,0,0,0,1
18239,0,0,0,0,0,0,0,0,0,0,1
18241,0,0,0,0,0,0,0,0,0,0,1
18242,0,0,0,0,0,0,0,0,0,0,1
18245,0,0,0,0,0,0,0,0,0,0,1
18246,0,0,0,0,0,0,0,0,0,0,1
18248,0,0,0,0,0,0,0,0,0,0,1
18250,0,0,0,0,0,0,0,0,0,0,1
18252,0,0,0,0,0,0,0,0,0,0,1
18256,0,0,0,0,0,0,0,0,0,0,1
18257,0,0,0,0,0,0,0,0,0,0,1
18259,0,0,0,0,0,0,0,0,0,0,1
18260,0,0,0,0,0,0,0,0,0,0,1
18262,0,0,0,0,0,0,0,0,0,0,1
18263,0,0,0,0,0,0,0,0,0,0,1
18265,0,0,0,0,0,0,0,0,0,0,1
18268,0,0,0,0,0,0,0,0,0,0,1
18269,0,0,0,0,0,0,0,0,0,0,1
18270,0,0,0,0,0,0,0,0,0,0,1
18272,0,0,0,0,0,0,0,0,0,0,1
18273,0,0,0,0,0,0,0,0,0,0,1
18277,0,0,0,0,0,0,0,0,0,0,1
18280,0,0,0,0,0,0,0,0,0,0,1
18281,0,0,0,0,0,0,0,0,0,0,1
18282,0,0,0,0,0,0,0,0,0,0,1
18283,0,0,0,0,0,0,0,0,0,0,1
18287,0,0,0,0,0,0,0,0,0,0,1
